domain,dataset,generator,model,mix,seed,error,f1,ece,diversity,diversity0,fidelity_ks,cri,err0
tabular,BreastCancer,GaussianCopula,HistGBM,0.0,0,0.0624269859813084,0.9375730140186916,0.0466697498113671,6.880717152254138,6.880717152254138,0.0,4.3600106858221466e-10,0.0624269859813084
tabular,BreastCancer,GaussianCopula,HistGBM,0.1,0,0.0563633034242812,0.9436366965757188,0.0418734661679618,7.077277753462826,6.880717152254138,0.1629688261418078,0.0,0.0624269859813084
tabular,BreastCancer,GaussianCopula,HistGBM,0.3,0,0.07591003255401,0.92408996744599,0.0558811950391375,7.073892909392878,6.880717152254138,0.3344949756102151,0.008583812331904883,0.0624269859813084
tabular,BreastCancer,GaussianCopula,HistGBM,0.5,0,0.0693456221198156,0.9306543778801843,0.0546740868476776,7.130721841724874,6.880717152254138,0.7382613060595599,0.0050601854765156985,0.0624269859813084
tabular,BreastCancer,GaussianCopula,HistGBM,0.7,0,0.0764530551415797,0.9235469448584204,0.0664563159974181,7.034462261559247,6.880717152254138,1.045345495524876,0.010970347817345849,0.0624269859813084
tabular,BreastCancer,GaussianCopula,HistGBM,0.0,1,0.0376984126984127,0.9623015873015872,0.0300054488167481,7.013648390920497,7.013648390920497,0.0,4.2773744546309444e-10,0.0376984126984127
tabular,BreastCancer,GaussianCopula,HistGBM,0.1,1,0.0376984126984127,0.9623015873015872,0.0322525454005218,7.084246780398508,7.013648390920497,0.3030439583074259,0.00044941931675473936,0.0376984126984127
tabular,BreastCancer,GaussianCopula,HistGBM,0.3,1,0.0502645502645502,0.9497354497354498,0.0376501716903336,7.153891451400301,7.013648390920497,0.4201120912686576,0.007812013357785847,0.0376984126984127
tabular,BreastCancer,GaussianCopula,HistGBM,0.5,1,0.0571333110591379,0.942866688940862,0.0524707966192384,7.013222498353079,7.013648390920497,0.4312163669481798,0.01422873618817503,0.0376984126984127
tabular,BreastCancer,GaussianCopula,HistGBM,0.7,1,0.0571333110591379,0.942866688940862,0.0450805738487598,7.071966698703831,7.013648390920497,0.8656053340551417,0.01273247418676494,0.0376984126984127
tabular,BreastCancer,GaussianCopula,HistGBM,0.0,2,0.0506066883693401,0.94939331163066,0.0442356361766104,7.137520614452362,7.137520614452362,0.0,4.2031401692455e-10,0.0506066883693401
tabular,BreastCancer,GaussianCopula,HistGBM,0.1,2,0.0317407283661878,0.9682592716338122,0.0364202363892094,6.999122223527266,7.137520614452362,0.1537841081913696,0.005817078851623569,0.0506066883693401
tabular,BreastCancer,GaussianCopula,HistGBM,0.3,2,0.0506066883693401,0.94939331163066,0.0383902419284871,6.9859928984234925,7.137520614452362,0.9682265335344468,0.006368922795532905,0.0506066883693401
tabular,BreastCancer,GaussianCopula,HistGBM,0.5,2,0.0502645502645502,0.9497354497354498,0.045969878057217,7.011870063922526,7.137520614452362,1.0784816201366605,0.0056281176210480986,0.0506066883693401
tabular,BreastCancer,GaussianCopula,HistGBM,0.7,2,0.0571333110591379,0.942866688940862,0.0494463727544523,7.1676781096056645,7.137520614452362,1.178307036975203,0.004305458660467282,0.0506066883693401
tabular,BreastCancer,GaussianCopula,LogReg,0.0,0,0.0435637078283654,0.9564362921716344,0.0246576221949573,6.880717152254138,6.880717152254138,0.0,4.3600106858221466e-10,0.0435637078283654
tabular,BreastCancer,GaussianCopula,LogReg,0.1,0,0.0376984126984127,0.9623015873015872,0.0235889424642725,7.077277753462826,6.880717152254138,0.1629688261418078,0.0,0.0435637078283654
tabular,BreastCancer,GaussianCopula,LogReg,0.3,0,0.0628306878306879,0.937169312169312,0.0305923055453298,7.073892909392878,6.880717152254138,0.3344949756102151,0.010820426671235752,0.0435637078283654
tabular,BreastCancer,GaussianCopula,LogReg,0.5,0,0.0628306878306879,0.937169312169312,0.0412003956025532,7.130721841724874,6.880717152254138,0.7382613060595599,0.012942044682680433,0.0435637078283654
tabular,BreastCancer,GaussianCopula,LogReg,0.7,0,0.077027027027027,0.922972972972973,0.0318545022820426,7.034462261559247,6.880717152254138,1.045345495524876,0.018171035616747863,0.0435637078283654
tabular,BreastCancer,GaussianCopula,LogReg,0.0,1,0.0441290322580645,0.9558709677419356,0.0349513260546599,7.013648390920497,7.013648390920497,0.0,4.2773744546309444e-10,0.0441290322580645
tabular,BreastCancer,GaussianCopula,LogReg,0.1,1,0.0315207373271889,0.968479262672811,0.0274980022616451,7.084246780398508,7.013648390920497,0.3030439583074259,0.0,0.0441290322580645
tabular,BreastCancer,GaussianCopula,LogReg,0.3,1,0.05673732718894,0.94326267281106,0.0406949816939998,7.153891451400301,7.013648390920497,0.4201120912686576,0.0074528785933057305,0.0441290322580645
tabular,BreastCancer,GaussianCopula,LogReg,0.5,1,0.0447627239071088,0.9552372760928912,0.0428831932856156,7.013222498353079,7.013648390920497,0.4312163669481798,0.0019214367180276646,0.0441290322580645
tabular,BreastCancer,GaussianCopula,LogReg,0.7,1,0.0506066883693401,0.94939331163066,0.0404709909025699,7.071966698703831,7.013648390920497,0.8656053340551417,0.004342761025219799,0.0441290322580645
tabular,BreastCancer,GaussianCopula,LogReg,0.0,2,0.037955016277005,0.962044983722995,0.0297108055006978,7.137520614452362,7.137520614452362,0.0,4.2031401692455e-10,0.037955016277005
tabular,BreastCancer,GaussianCopula,LogReg,0.1,2,0.0251322751322751,0.9748677248677248,0.0234084293512371,6.999122223527266,7.137520614452362,0.1537841081913696,0.005817078851623569,0.037955016277005
tabular,BreastCancer,GaussianCopula,LogReg,0.3,2,0.0447627239071088,0.9552372760928912,0.0385736146999294,6.9859928984234925,7.137520614452362,0.9682265335344468,0.011545338450431125,0.037955016277005
tabular,BreastCancer,GaussianCopula,LogReg,0.5,2,0.0315207373271889,0.968479262672811,0.0455845960612961,7.011870063922526,7.137520614452362,1.0784816201366605,0.008456027357046439,0.037955016277005
tabular,BreastCancer,GaussianCopula,LogReg,0.7,2,0.0628306878306879,0.937169312169312,0.0416088619729799,7.1676781096056645,7.137520614452362,1.178307036975203,0.014817447071297871,0.037955016277005
tabular,BreastCancer,GaussianCopula,RandomForest,0.0,0,0.05673732718894,0.94326267281106,0.0316276803118908,6.880717152254138,6.880717152254138,0.0,4.3600106858221466e-10,0.05673732718894
tabular,BreastCancer,GaussianCopula,RandomForest,0.1,0,0.0628306878306879,0.937169312169312,0.0346003898635477,7.077277753462826,6.880717152254138,0.1629688261418078,0.0036412222312053313,0.05673732718894
tabular,BreastCancer,GaussianCopula,RandomForest,0.3,0,0.0637108792846496,0.9362891207153504,0.0287037037037037,7.073892909392878,6.880717152254138,0.3344949756102151,0.003486776047854797,0.05673732718894
tabular,BreastCancer,GaussianCopula,RandomForest,0.5,0,0.0637108792846496,0.9362891207153504,0.0402534113060428,7.130721841724874,6.880717152254138,0.7382613060595599,0.005211922246685196,0.05673732718894
tabular,BreastCancer,GaussianCopula,RandomForest,0.7,0,0.083769830802276,0.916230169197724,0.0412280701754385,7.034462261559247,6.880717152254138,1.045345495524876,0.01543632977937754,0.05673732718894
tabular,BreastCancer,GaussianCopula,RandomForest,0.0,1,0.0438381248855521,0.9561618751144478,0.0416666666666666,7.013648390920497,7.013648390920497,0.0,4.2773744546309444e-10,0.0438381248855521
tabular,BreastCancer,GaussianCopula,RandomForest,0.1,1,0.0376984126984127,0.9623015873015872,0.0353801169590644,7.084246780398508,7.013648390920497,0.3030439583074259,0.0,0.0438381248855521
tabular,BreastCancer,GaussianCopula,RandomForest,0.3,1,0.0376984126984127,0.9623015873015872,0.0378167641325536,7.153891451400301,7.013648390920497,0.4201120912686576,0.0,0.0438381248855521
tabular,BreastCancer,GaussianCopula,RandomForest,0.5,1,0.0637108792846496,0.9362891207153504,0.0237816764132553,7.013222498353079,7.013648390920497,0.4312163669481798,0.009954594646863118,0.0438381248855521
tabular,BreastCancer,GaussianCopula,RandomForest,0.7,1,0.05673732718894,0.94326267281106,0.0317251461988304,7.071966698703831,7.013648390920497,0.8656053340551417,0.006449601151693948,0.0438381248855521
tabular,BreastCancer,GaussianCopula,RandomForest,0.0,2,0.0382265275707898,0.9617734724292102,0.0395224171539961,7.137520614452362,7.137520614452362,0.0,4.2031401692455e-10,0.0382265275707898
tabular,BreastCancer,GaussianCopula,RandomForest,0.1,2,0.037955016277005,0.962044983722995,0.0480994152046783,6.999122223527266,7.137520614452362,0.1537841081913696,0.00753247846176001,0.0382265275707898
tabular,BreastCancer,GaussianCopula,RandomForest,0.3,2,0.0513513513513512,0.9486486486486488,0.0419103313840157,6.9859928984234925,7.137520614452362,0.9682265335344468,0.013408917531817527,0.0382265275707898
tabular,BreastCancer,GaussianCopula,RandomForest,0.5,2,0.0441290322580645,0.9558709677419356,0.0388401559454189,7.011870063922526,7.137520614452362,1.0784816201366605,0.008232521588564128,0.0382265275707898
tabular,BreastCancer,GaussianCopula,RandomForest,0.7,2,0.0632583604616749,0.936741639538325,0.0342105263157894,7.1676781096056645,7.137520614452362,1.178307036975203,0.012515916445442553,0.0382265275707898
tabular,BreastCancer,IndepMarginals,HistGBM,0.0,0,0.0624269859813084,0.9375730140186916,0.0466697498113671,6.880717152254138,6.880717152254138,0.0,4.3600106858221466e-10,0.0624269859813084
tabular,BreastCancer,IndepMarginals,HistGBM,0.1,0,0.0374561915887849,0.962543808411215,0.0402404798693618,7.174412387931703,6.880717152254138,0.2049129014442687,0.0,0.0624269859813084
tabular,BreastCancer,IndepMarginals,HistGBM,0.3,0,0.0499415887850467,0.9500584112149532,0.0367436423290421,7.309549664248028,6.880717152254138,0.3025007983754429,0.0,0.0624269859813084
tabular,BreastCancer,IndepMarginals,HistGBM,0.5,0,0.0628306878306879,0.937169312169312,0.043652445046336,7.392639271692518,6.880717152254138,0.731139903877846,0.0002018509246897518,0.0624269859813084
tabular,BreastCancer,IndepMarginals,HistGBM,0.7,0,0.069829602405613,0.9301703975943868,0.0603231563197238,7.495027112920834,6.880717152254138,0.790278631117953,0.006431989513823642,0.0624269859813084
tabular,BreastCancer,IndepMarginals,HistGBM,0.0,1,0.0376984126984127,0.9623015873015872,0.0300054488167481,7.013648390920497,7.013648390920497,0.0,4.2773744546309444e-10,0.0376984126984127
tabular,BreastCancer,IndepMarginals,HistGBM,0.1,1,0.0374561915887849,0.962543808411215,0.0321160233508601,7.141418581321611,7.013648390920497,0.3297040801320808,0.00042211490682239963,0.0376984126984127
tabular,BreastCancer,IndepMarginals,HistGBM,0.3,1,0.0499415887850467,0.9500584112149532,0.0403618018311625,7.322427556645175,7.013648390920497,0.4150481033212035,0.00819285864619988,0.0376984126984127
tabular,BreastCancer,IndepMarginals,HistGBM,0.5,1,0.0688884819630104,0.9311115180369895,0.0453983718955215,7.34501609081307,7.013648390920497,0.4262468369553326,0.018673619248053525,0.0376984126984127
tabular,BreastCancer,IndepMarginals,HistGBM,0.7,1,0.0628306878306879,0.937169312169312,0.0477095813960069,7.437869237861816,7.013648390920497,0.743687234760334,0.01610696408198936,0.0376984126984127
tabular,BreastCancer,IndepMarginals,HistGBM,0.0,2,0.0506066883693401,0.94939331163066,0.0442356361766104,7.137520614452362,7.137520614452362,0.0,4.2031401692455e-10,0.0506066883693401
tabular,BreastCancer,IndepMarginals,HistGBM,0.1,2,0.0509687034277197,0.9490312965722802,0.0433024027986024,7.137505497408301,7.137520614452362,0.165657836199081,0.00018164334006265105,0.0506066883693401
tabular,BreastCancer,IndepMarginals,HistGBM,0.3,2,0.037955016277005,0.962044983722995,0.0348745742863389,7.240215844775323,7.137520614452362,0.6900930331602447,0.0,0.0506066883693401
tabular,BreastCancer,IndepMarginals,HistGBM,0.5,2,0.0506066883693401,0.94939331163066,0.0452107668761592,7.366763850029637,7.137520614452362,0.8042922278073161,0.00019502613990975972,0.0506066883693401
tabular,BreastCancer,IndepMarginals,HistGBM,0.7,2,0.07591003255401,0.92408996744599,0.0615815684015921,7.578979822478379,7.137520614452362,1.0646806938746542,0.016120858537331296,0.0506066883693401
tabular,BreastCancer,IndepMarginals,LogReg,0.0,0,0.0435637078283654,0.9564362921716344,0.0246576221949573,6.880717152254138,6.880717152254138,0.0,4.3600106858221466e-10,0.0435637078283654
tabular,BreastCancer,IndepMarginals,LogReg,0.1,0,0.0563633034242812,0.9436366965757188,0.027593257325719,7.174412387931703,6.880717152254138,0.2049129014442687,0.0069869248241102395,0.0435637078283654
tabular,BreastCancer,IndepMarginals,LogReg,0.3,0,0.0693456221198156,0.9306543778801843,0.0356977836719895,7.309549664248028,6.880717152254138,0.3025007983754429,0.015098989441131541,0.0435637078283654
tabular,BreastCancer,IndepMarginals,LogReg,0.5,0,0.0680510835353279,0.931948916464672,0.0511961057380804,7.392639271692518,6.880717152254138,0.731139903877846,0.017551384562105875,0.0435637078283654
tabular,BreastCancer,IndepMarginals,LogReg,0.7,0,0.0624269859813084,0.9375730140186916,0.0578162773973362,7.495027112920834,6.880717152254138,0.790278631117953,0.016063370116947282,0.0435637078283654
tabular,BreastCancer,IndepMarginals,LogReg,0.0,1,0.0441290322580645,0.9558709677419356,0.0349513260546599,7.013648390920497,7.013648390920497,0.0,4.2773744546309444e-10,0.0441290322580645
tabular,BreastCancer,IndepMarginals,LogReg,0.1,1,0.0502645502645502,0.9497354497354498,0.0318914349557135,7.141418581321611,7.013648390920497,0.3297040801320808,0.00306775900324285,0.0441290322580645
tabular,BreastCancer,IndepMarginals,LogReg,0.3,1,0.0628306878306879,0.937169312169312,0.0255217480813963,7.322427556645175,7.013648390920497,0.4150481033212035,0.009350827786311702,0.0441290322580645
tabular,BreastCancer,IndepMarginals,LogReg,0.5,1,0.0499415887850467,0.9500584112149532,0.0424280261353609,7.34501609081307,7.013648390920497,0.4262468369553326,0.004401618279631302,0.0441290322580645
tabular,BreastCancer,IndepMarginals,LogReg,0.7,1,0.0499415887850467,0.9500584112149532,0.0357310760950099,7.437869237861816,7.013648390920497,0.743687234760334,0.0030622282715611028,0.0441290322580645
tabular,BreastCancer,IndepMarginals,LogReg,0.0,2,0.037955016277005,0.962044983722995,0.0297108055006978,7.137520614452362,7.137520614452362,0.0,4.2031401692455e-10,0.037955016277005
tabular,BreastCancer,IndepMarginals,LogReg,0.1,2,0.0315207373271889,0.968479262672811,0.0275553929163391,7.137505497408301,7.137520614452362,0.165657836199081,6.35810872851028e-07,0.037955016277005
tabular,BreastCancer,IndepMarginals,LogReg,0.3,2,0.0376984126984127,0.9623015873015872,0.0294721868615951,7.240215844775323,7.137520614452362,0.6900930331602447,0.0,0.037955016277005
tabular,BreastCancer,IndepMarginals,LogReg,0.5,2,0.0441290322580645,0.9558709677419356,0.0449500278985432,7.366763850029637,7.137520614452362,0.8042922278073161,0.0061348524700988285,0.037955016277005
tabular,BreastCancer,IndepMarginals,LogReg,0.7,2,0.0676691729323308,0.9323308270676692,0.0384712964129413,7.578979822478379,7.137520614452362,1.0646806938746542,0.016609176510111595,0.037955016277005
tabular,BreastCancer,IndepMarginals,RandomForest,0.0,0,0.05673732718894,0.94326267281106,0.0316276803118908,6.880717152254138,6.880717152254138,0.0,4.3600106858221466e-10,0.05673732718894
tabular,BreastCancer,IndepMarginals,RandomForest,0.1,0,0.05673732718894,0.94326267281106,0.0445906432748538,7.174412387931703,6.880717152254138,0.2049129014442687,0.0025925925925925995,0.05673732718894
tabular,BreastCancer,IndepMarginals,RandomForest,0.3,0,0.0506066883693401,0.94939331163066,0.0403508771929824,7.309549664248028,6.880717152254138,0.3025007983754429,0.0017446393762183196,0.05673732718894
tabular,BreastCancer,IndepMarginals,RandomForest,0.5,0,0.0620464441219157,0.9379535558780844,0.0582846003898635,7.392639271692518,6.880717152254138,0.731139903877846,0.00798594248208239,0.05673732718894
tabular,BreastCancer,IndepMarginals,RandomForest,0.7,0,0.0819539170506912,0.9180460829493088,0.0659356725146198,7.495027112920834,6.880717152254138,0.790278631117953,0.019469893371421403,0.05673732718894
tabular,BreastCancer,IndepMarginals,RandomForest,0.0,1,0.0438381248855521,0.9561618751144478,0.0416666666666666,7.013648390920497,7.013648390920497,0.0,4.2773744546309444e-10,0.0438381248855521
tabular,BreastCancer,IndepMarginals,RandomForest,0.1,1,0.0499415887850467,0.9500584112149532,0.0504873294346978,7.141418581321611,7.013648390920497,0.3297040801320808,0.004815864503353541,0.0438381248855521
tabular,BreastCancer,IndepMarginals,RandomForest,0.3,1,0.0502645502645502,0.9497354497354498,0.0323586744639376,7.322427556645175,7.013648390920497,0.4150481033212035,0.003213212689499048,0.0438381248855521
tabular,BreastCancer,IndepMarginals,RandomForest,0.5,1,0.0435637078283654,0.9564362921716344,0.055458089668616,7.34501609081307,7.013648390920497,0.4262468369553326,0.0027582846003898795,0.0438381248855521
tabular,BreastCancer,IndepMarginals,RandomForest,0.7,1,0.0613518943742824,0.9386481056257177,0.0862085769980506,7.437869237861816,7.013648390920497,0.743687234760334,0.01766526681064195,0.0438381248855521
tabular,BreastCancer,IndepMarginals,RandomForest,0.0,2,0.0382265275707898,0.9617734724292102,0.0395224171539961,7.137520614452362,7.137520614452362,0.0,4.2031401692455e-10,0.0382265275707898
tabular,BreastCancer,IndepMarginals,RandomForest,0.1,2,0.0382265275707898,0.9617734724292102,0.0381578947368421,7.137505497408301,7.137520614452362,0.165657836199081,6.35810872851028e-07,0.0382265275707898
tabular,BreastCancer,IndepMarginals,RandomForest,0.3,2,0.0317407283661878,0.9682592716338122,0.0557504873294347,7.240215844775323,7.137520614452362,0.6900930331602447,0.0032456140350877213,0.0382265275707898
tabular,BreastCancer,IndepMarginals,RandomForest,0.5,2,0.0509687034277197,0.9490312965722802,0.0520955165692008,7.366763850029637,7.137520614452362,0.8042922278073161,0.008885707811505888,0.0382265275707898
tabular,BreastCancer,IndepMarginals,RandomForest,0.7,2,0.0799726589200273,0.9200273410799726,0.0678362573099414,7.578979822478379,7.137520614452362,1.0646806938746542,0.026535833705807813,0.0382265275707898
tabular,BreastCancer,NearDuplicate,HistGBM,0.0,0,0.0624269859813084,0.9375730140186916,0.0466697498113671,6.880717152254138,6.880717152254138,0.0,4.3600106858221466e-10,0.0624269859813084
tabular,BreastCancer,NearDuplicate,HistGBM,0.1,0,0.0502645502645502,0.9497354497354498,0.0338583969452705,7.068181905951335,6.880717152254138,0.1752191097210521,0.0,0.0624269859813084
tabular,BreastCancer,NearDuplicate,HistGBM,0.3,0,0.07591003255401,0.92408996744599,0.0548951544963328,6.97880653636211,6.880717152254138,0.3430342879742344,0.008386604223343943,0.0624269859813084
tabular,BreastCancer,NearDuplicate,HistGBM,0.5,0,0.0571333110591379,0.942866688940862,0.0445973120557074,6.935051457858651,6.880717152254138,0.5929360046569273,0.0,0.0624269859813084
tabular,BreastCancer,NearDuplicate,HistGBM,0.7,0,0.0831307729703452,0.9168692270296548,0.0782419084794993,6.940904629777386,6.880717152254138,0.6547887342025707,0.01666632522814484,0.0624269859813084
tabular,BreastCancer,NearDuplicate,HistGBM,0.0,1,0.0376984126984127,0.9623015873015872,0.0300054488167481,7.013648390920497,7.013648390920497,0.0,4.2773744546309444e-10,0.0376984126984127
tabular,BreastCancer,NearDuplicate,HistGBM,0.1,1,0.0376984126984127,0.9623015873015872,0.0290592763495001,7.075677098566108,7.013648390920497,0.3343639632035975,0.0,0.0376984126984127
tabular,BreastCancer,NearDuplicate,HistGBM,0.3,1,0.0438381248855521,0.9561618751144478,0.0291403131338786,7.073905199198897,7.013648390920497,0.3753607607636466,0.0030698560935697,0.0376984126984127
tabular,BreastCancer,NearDuplicate,HistGBM,0.5,1,0.0311169341631182,0.9688830658368818,0.0367387687956426,7.031841162077226,7.013648390920497,0.4671796648175847,0.0013466639957788998,0.0376984126984127
tabular,BreastCancer,NearDuplicate,HistGBM,0.7,1,0.0632583604616749,0.936741639538325,0.054980195426524,7.065129411430744,7.013648390920497,1.0273250927562332,0.01777492320358628,0.0376984126984127
tabular,BreastCancer,NearDuplicate,HistGBM,0.0,2,0.0506066883693401,0.94939331163066,0.0442356361766104,7.137520614452362,7.137520614452362,0.0,4.2031401692455e-10,0.0506066883693401
tabular,BreastCancer,NearDuplicate,HistGBM,0.1,2,0.0571333110591379,0.942866688940862,0.0455249165815879,7.064927728030766,7.137520614452362,0.2363955246810127,0.0065723486514687535,0.0506066883693401
tabular,BreastCancer,NearDuplicate,HistGBM,0.3,2,0.0509687034277197,0.9490312965722802,0.0407537175767708,6.882708268753427,7.137520614452362,0.4070395986126781,0.010891128134346848,0.0506066883693401
tabular,BreastCancer,NearDuplicate,HistGBM,0.5,2,0.0447627239071088,0.9552372760928912,0.0404444240464088,6.973646324893739,7.137520614452362,0.6206455388408452,0.006887866593220371,0.0506066883693401
tabular,BreastCancer,NearDuplicate,HistGBM,0.7,2,0.0632583604616749,0.936741639538325,0.0500694025317083,7.109875821447703,7.137520614452362,0.5274845346112449,0.008654539150716725,0.0506066883693401
tabular,BreastCancer,NearDuplicate,LogReg,0.0,0,0.0435637078283654,0.9564362921716344,0.0246576221949573,6.880717152254138,6.880717152254138,0.0,4.3600106858221466e-10,0.0435637078283654
tabular,BreastCancer,NearDuplicate,LogReg,0.1,0,0.0435637078283654,0.9564362921716344,0.0248711816101001,7.068181905951335,6.880717152254138,0.1752191097210521,4.2711883028560135e-05,0.0435637078283654
tabular,BreastCancer,NearDuplicate,LogReg,0.3,0,0.0374561915887849,0.962543808411215,0.0170330289923506,6.97880653636211,6.880717152254138,0.3430342879742344,0.0,0.0435637078283654
tabular,BreastCancer,NearDuplicate,LogReg,0.5,0,0.0502645502645502,0.9497354497354498,0.0349083152131684,6.935051457858651,6.880717152254138,0.5929360046569273,0.005400559821734621,0.0435637078283654
tabular,BreastCancer,NearDuplicate,LogReg,0.7,0,0.037955016277005,0.962044983722995,0.0366832600945719,6.940904629777386,6.880717152254138,0.6547887342025707,0.0024051275799229204,0.0435637078283654
tabular,BreastCancer,NearDuplicate,LogReg,0.0,1,0.0441290322580645,0.9558709677419356,0.0349513260546599,7.013648390920497,7.013648390920497,0.0,4.2773744546309444e-10,0.0441290322580645
tabular,BreastCancer,NearDuplicate,LogReg,0.1,1,0.0441290322580645,0.9558709677419356,0.0243541526113886,7.075677098566108,7.013648390920497,0.3343639632035975,0.0,0.0441290322580645
tabular,BreastCancer,NearDuplicate,LogReg,0.3,1,0.0632583604616749,0.936741639538325,0.0350005850029374,7.073905199198897,7.013648390920497,0.3753607607636466,0.009574515891460704,0.0441290322580645
tabular,BreastCancer,NearDuplicate,LogReg,0.5,1,0.037955016277005,0.962044983722995,0.0330041621884894,7.031841162077226,7.013648390920497,0.4671796648175847,0.0,0.0441290322580645
tabular,BreastCancer,NearDuplicate,LogReg,0.7,1,0.0632583604616749,0.936741639538325,0.0388415997651351,7.065129411430744,7.013648390920497,1.0273250927562332,0.010342718843900244,0.0441290322580645
tabular,BreastCancer,NearDuplicate,LogReg,0.0,2,0.037955016277005,0.962044983722995,0.0297108055006978,7.137520614452362,7.137520614452362,0.0,4.2031401692455e-10,0.037955016277005
tabular,BreastCancer,NearDuplicate,LogReg,0.1,2,0.0253033441846699,0.97469665581533,0.0391331190129026,7.064927728030766,7.137520614452362,0.2363955246810127,0.00493564392801531,0.037955016277005
tabular,BreastCancer,NearDuplicate,LogReg,0.3,2,0.0382265275707898,0.9617734724292102,0.0383156518601436,6.882708268753427,7.137520614452362,0.4070395986126781,0.012566845523938608,0.037955016277005
tabular,BreastCancer,NearDuplicate,LogReg,0.5,2,0.0315207373271889,0.968479262672811,0.0385901919902834,6.973646324893739,7.137520614452362,0.6206455388408452,0.008663743891137492,0.037955016277005
tabular,BreastCancer,NearDuplicate,LogReg,0.7,2,0.0189124423963134,0.9810875576036866,0.0422932342283475,7.109875821447703,7.137520614452362,0.5274845346112449,0.003678435579059681,0.037955016277005
tabular,BreastCancer,NearDuplicate,RandomForest,0.0,0,0.05673732718894,0.94326267281106,0.0316276803118908,6.880717152254138,6.880717152254138,0.0,4.3600106858221466e-10,0.05673732718894
tabular,BreastCancer,NearDuplicate,RandomForest,0.1,0,0.0624269859813084,0.9375730140186916,0.0362085769980507,7.068181905951335,6.880717152254138,0.1752191097210521,0.003761008733416179,0.05673732718894
tabular,BreastCancer,NearDuplicate,RandomForest,0.3,0,0.0571333110591379,0.942866688940862,0.0327485380116958,6.97880653636211,6.880717152254138,0.3430342879742344,0.0004221634750599501,0.05673732718894
tabular,BreastCancer,NearDuplicate,RandomForest,0.5,0,0.0703414232825998,0.9296585767174002,0.0326510721247563,6.935051457858651,6.880717152254138,0.5929360046569273,0.0070067264094030015,0.05673732718894
tabular,BreastCancer,NearDuplicate,RandomForest,0.7,0,0.0831307729703452,0.9168692270296548,0.0480506822612087,6.940904629777386,6.880717152254138,0.6547887342025707,0.01648132328056618,0.05673732718894
tabular,BreastCancer,NearDuplicate,RandomForest,0.0,1,0.0438381248855521,0.9561618751144478,0.0416666666666666,7.013648390920497,7.013648390920497,0.0,4.2773744546309444e-10,0.0438381248855521
tabular,BreastCancer,NearDuplicate,RandomForest,0.1,1,0.0438381248855521,0.9561618751144478,0.0337719298245615,7.075677098566108,7.013648390920497,0.3343639632035975,0.0,0.0438381248855521
tabular,BreastCancer,NearDuplicate,RandomForest,0.3,1,0.0435637078283654,0.9564362921716344,0.0353313840155946,7.073905199198897,7.013648390920497,0.3753607607636466,0.0,0.0438381248855521
tabular,BreastCancer,NearDuplicate,RandomForest,0.5,1,0.0502645502645502,0.9497354497354498,0.0264132553606237,7.031841162077226,7.013648390920497,0.4671796648175847,0.003213212689499048,0.0438381248855521
tabular,BreastCancer,NearDuplicate,RandomForest,0.7,1,0.07591003255401,0.92408996744599,0.037280701754386,7.065129411430744,7.013648390920497,1.0273250927562332,0.016035953834228952,0.0438381248855521
tabular,BreastCancer,NearDuplicate,RandomForest,0.0,2,0.0382265275707898,0.9617734724292102,0.0395224171539961,7.137520614452362,7.137520614452362,0.0,4.2031401692455e-10,0.0382265275707898
tabular,BreastCancer,NearDuplicate,RandomForest,0.1,2,0.0382265275707898,0.9617734724292102,0.0378167641325536,7.064927728030766,7.137520614452362,0.2363955246810127,0.003051181225574351,0.0382265275707898
tabular,BreastCancer,NearDuplicate,RandomForest,0.3,2,0.0513513513513512,0.9486486486486488,0.05453216374269,6.882708268753427,7.137520614452362,0.4070395986126781,0.020274481813176527,0.0382265275707898
tabular,BreastCancer,NearDuplicate,RandomForest,0.5,2,0.0317407283661878,0.9682592716338122,0.0575048732943469,6.973646324893739,7.137520614452362,0.6206455388408452,0.010484357821290532,0.0382265275707898
tabular,BreastCancer,NearDuplicate,RandomForest,0.7,2,0.0571333110591379,0.942866688940862,0.0443469785575049,7.109875821447703,7.137520614452362,0.5274845346112449,0.011580253858405552,0.0382265275707898
tabular,PimaDiabetes,GaussianCopula,HistGBM,0.0,0,0.2253564979139424,0.7746435020860576,0.1060641279472467,3.748707456500085,3.748707456500085,0.0,8.002758455916137e-10,0.2253564979139424
tabular,PimaDiabetes,GaussianCopula,HistGBM,0.1,0,0.2516339869281045,0.7483660130718954,0.1021325944781671,3.775843125712053,3.748707456500085,0.2396296192495114,0.013138744507081052,0.2253564979139424
tabular,PimaDiabetes,GaussianCopula,HistGBM,0.3,0,0.2603606727934802,0.7396393272065198,0.1107705021623353,3.765656381120918,3.748707456500085,0.5454087250630779,0.018443362282786608,0.2253564979139424
tabular,PimaDiabetes,GaussianCopula,HistGBM,0.5,0,0.2526105881596157,0.7473894118403843,0.1384373267046518,3.7801434569967753,3.748707456500085,0.8239793311356062,0.020101684874317655,0.2253564979139424
tabular,PimaDiabetes,GaussianCopula,HistGBM,0.7,0,0.300416160915554,0.699583839084446,0.1641695450376965,3.747132800254424,3.748707456500085,0.4874594745166188,0.049276931653442206,0.2253564979139424
tabular,PimaDiabetes,GaussianCopula,HistGBM,0.0,1,0.3137521222410866,0.6862478777589134,0.1329865469068598,3.8042436251573126,3.8042436251573126,0.0,7.885930242146344e-10,0.3137521222410866
tabular,PimaDiabetes,GaussianCopula,HistGBM,0.1,1,0.3204439049765909,0.6795560950234091,0.1406174159986422,3.8246200737132496,3.8042436251573126,0.2434758589531981,0.004872065186108632,0.3137521222410866
tabular,PimaDiabetes,GaussianCopula,HistGBM,0.3,1,0.306025641025641,0.693974358974359,0.1209206160493265,3.802395324882773,3.8042436251573126,0.5483947561658635,0.00014575645924396196,0.3137521222410866
tabular,PimaDiabetes,GaussianCopula,HistGBM,0.5,1,0.3228511530398322,0.6771488469601677,0.1440590429339606,3.753946314862993,3.8042436251573126,0.468389008041119,0.010730426205997338,0.3137521222410866
tabular,PimaDiabetes,GaussianCopula,HistGBM,0.7,1,0.3151848591549295,0.6848151408450704,0.1737179890795414,3.774552554255217,3.8042436251573126,0.6950329156513899,0.011204074824923077,0.3137521222410866
tabular,PimaDiabetes,GaussianCopula,HistGBM,0.0,2,0.3000574945167267,0.6999425054832733,0.1148852189966998,3.7505695124794953,3.7505695124794953,0.0,7.998785300777911e-10,0.3000574945167267
tabular,PimaDiabetes,GaussianCopula,HistGBM,0.1,2,0.2922077922077921,0.7077922077922079,0.1236010013076701,3.7718195660343454,3.7505695124794953,0.3745629330923252,0.0017431564621940593,0.3000574945167267
tabular,PimaDiabetes,GaussianCopula,HistGBM,0.3,2,0.2663548352006961,0.7336451647993039,0.1174875469326697,3.794170522305011,3.7505695124794953,0.3932615270541396,0.0005204655871939801,0.3000574945167267
tabular,PimaDiabetes,GaussianCopula,HistGBM,0.5,2,0.2508677413172633,0.7491322586827367,0.1087610836402124,3.7804125785039577,3.7505695124794953,0.5781643650979273,0.0,0.3000574945167267
tabular,PimaDiabetes,GaussianCopula,HistGBM,0.7,2,0.3252495534307029,0.6747504465692971,0.1564653460831474,3.769582818796374,3.7505695124794953,0.8053437113070578,0.020912054874277615,0.3000574945167267
tabular,PimaDiabetes,GaussianCopula,LogReg,0.0,0,0.2643485915492958,0.7356514084507042,0.0659572060362194,3.748707456500085,3.748707456500085,0.0,8.002758455916137e-10,0.2643485915492958
tabular,PimaDiabetes,GaussianCopula,LogReg,0.1,0,0.2764059610573262,0.7235940389426738,0.0660780685527198,3.775843125712053,3.748707456500085,0.2396296192495114,0.00605285725731527,0.2643485915492958
tabular,PimaDiabetes,GaussianCopula,LogReg,0.3,0,0.2566666666666666,0.7433333333333334,0.0502158759839541,3.765656381120918,3.748707456500085,0.5454087250630779,0.0,0.2643485915492958
tabular,PimaDiabetes,GaussianCopula,LogReg,0.5,0,0.2972049689440994,0.7027950310559006,0.0685857891704533,3.7801434569967753,3.748707456500085,0.8239793311356062,0.01695390532424859,0.2643485915492958
tabular,PimaDiabetes,GaussianCopula,LogReg,0.7,0,0.3035614851771833,0.6964385148228167,0.0725696388505745,3.747132800254424,3.748707456500085,0.4874594745166188,0.021054950111361204,0.2643485915492958
tabular,PimaDiabetes,GaussianCopula,LogReg,0.0,1,0.2807052429243719,0.7192947570756281,0.0600265565626838,3.8042436251573126,3.8042436251573126,0.0,7.885930242146344e-10,0.2807052429243719
tabular,PimaDiabetes,GaussianCopula,LogReg,0.1,1,0.2773360516479782,0.7226639483520217,0.0551727046309015,3.8246200737132496,3.8042436251573126,0.2434758589531981,0.0,0.2807052429243719
tabular,PimaDiabetes,GaussianCopula,LogReg,0.3,1,0.288642392090668,0.711357607909332,0.0505443148911052,3.802395324882773,3.8042436251573126,0.5483947561658635,0.004114331042392022,0.2807052429243719
tabular,PimaDiabetes,GaussianCopula,LogReg,0.5,1,0.3114701647736362,0.6885298352263638,0.0743902821891569,3.753946314862993,3.8042436251573126,0.468389008041119,0.022221617651131172,0.2807052429243719
tabular,PimaDiabetes,GaussianCopula,LogReg,0.7,1,0.3181818181818181,0.6818181818181819,0.0855302157794462,3.774552554255217,3.8042436251573126,0.6950329156513899,0.026180437405540918,0.2807052429243719
tabular,PimaDiabetes,GaussianCopula,LogReg,0.0,2,0.2692369220924653,0.7307630779075347,0.0652513844874683,3.7505695124794953,3.7505695124794953,0.0,7.998785300777911e-10,0.2692369220924653
tabular,PimaDiabetes,GaussianCopula,LogReg,0.1,2,0.2903535434330507,0.7096464565669492,0.0619791419052437,3.7718195660343454,3.7505695124794953,0.3745629330923252,0.010558310670292698,0.2692369220924653
tabular,PimaDiabetes,GaussianCopula,LogReg,0.3,2,0.2850059361687268,0.7149940638312732,0.0730569667913975,3.794170522305011,3.7505695124794953,0.3932615270541396,0.009445623498916603,0.2692369220924653
tabular,PimaDiabetes,GaussianCopula,LogReg,0.5,2,0.2936182459169725,0.7063817540830275,0.1021769968932582,3.7804125785039577,3.7505695124794953,0.5781643650979273,0.019575784393411576,0.2692369220924653
tabular,PimaDiabetes,GaussianCopula,LogReg,0.7,2,0.3016023738872403,0.6983976261127597,0.1070114356524398,3.769582818796374,3.7505695124794953,0.8053437113070578,0.024534736130381807,0.2692369220924653
tabular,PimaDiabetes,GaussianCopula,RandomForest,0.0,0,0.2508677413172633,0.7491322586827367,0.0599567099567099,3.748707456500085,3.748707456500085,0.0,8.002758455916137e-10,0.2508677413172633
tabular,PimaDiabetes,GaussianCopula,RandomForest,0.1,0,0.2508677413172633,0.7491322586827367,0.0462481962481962,3.775843125712053,3.748707456500085,0.2396296192495114,0.0,0.2508677413172633
tabular,PimaDiabetes,GaussianCopula,RandomForest,0.3,0,0.2703745448239987,0.7296254551760013,0.0443722943722943,3.765656381120918,3.748707456500085,0.5454087250630779,0.009753401753367696,0.2508677413172633
tabular,PimaDiabetes,GaussianCopula,RandomForest,0.5,0,0.2380033759344104,0.7619966240655895,0.1036435786435786,3.7801434569967753,3.748707456500085,0.8239793311356062,0.008737373737373738,0.2508677413172633
tabular,PimaDiabetes,GaussianCopula,RandomForest,0.7,0,0.2724056603773584,0.7275943396226415,0.0987373737373737,3.747132800254424,3.748707456500085,0.4874594745166188,0.018651109020726756,0.2508677413172633
tabular,PimaDiabetes,GaussianCopula,RandomForest,0.0,1,0.3190258017844225,0.6809741982155775,0.0557359307359307,3.8042436251573126,3.8042436251573126,0.0,7.885930242146344e-10,0.3190258017844225
tabular,PimaDiabetes,GaussianCopula,RandomForest,0.1,1,0.3074534161490683,0.6925465838509317,0.0481962481962481,3.8246200737132496,3.8042436251573126,0.2434758589531981,0.0,0.3190258017844225
tabular,PimaDiabetes,GaussianCopula,RandomForest,0.3,1,0.2904022888850355,0.7095977111149645,0.0554834054834055,3.802395324882773,3.8042436251573126,0.5483947561658635,0.00014575645924396196,0.3190258017844225
tabular,PimaDiabetes,GaussianCopula,RandomForest,0.5,1,0.3431450967845144,0.6568549032154856,0.0756132756132756,3.753946314862993,3.8042436251573126,0.468389008041119,0.020001528076719295,0.3190258017844225
tabular,PimaDiabetes,GaussianCopula,RandomForest,0.7,1,0.3009118541033435,0.6990881458966565,0.0949494949494949,3.774552554255217,3.8042436251573126,0.6950329156513899,0.010184130776178156,0.3190258017844225
tabular,PimaDiabetes,GaussianCopula,RandomForest,0.0,2,0.2823294808842764,0.7176705191157235,0.058044733044733,3.7505695124794953,3.7505695124794953,0.0,7.998785300777911e-10,0.2823294808842764
tabular,PimaDiabetes,GaussianCopula,RandomForest,0.1,2,0.3019480519480519,0.698051948051948,0.0662698412698412,3.7718195660343454,3.7505695124794953,0.3745629330923252,0.011454307176909397,0.2823294808842764
tabular,PimaDiabetes,GaussianCopula,RandomForest,0.3,2,0.292583857442348,0.707416142557652,0.0762265512265512,3.794170522305011,3.7505695124794953,0.3932615270541396,0.008763551915399438,0.2823294808842764
tabular,PimaDiabetes,GaussianCopula,RandomForest,0.5,2,0.2602903161662357,0.7397096838337642,0.0841630591630591,3.7804125785039577,3.7505695124794953,0.5781643650979273,0.005223665223665221,0.2823294808842764
tabular,PimaDiabetes,GaussianCopula,RandomForest,0.7,2,0.3258554787040407,0.6741445212959593,0.0644660894660894,3.769582818796374,3.7505695124794953,0.8053437113070578,0.023047270194153424,0.2823294808842764
tabular,PimaDiabetes,IndepMarginals,HistGBM,0.0,0,0.2253564979139424,0.7746435020860576,0.1060641279472467,3.748707456500085,3.748707456500085,0.0,8.002758455916137e-10,0.2253564979139424
tabular,PimaDiabetes,IndepMarginals,HistGBM,0.1,0,0.2349461361230462,0.7650538638769537,0.1127030062502025,3.747055775573097,3.748707456500085,0.2818138919156994,0.006254775598810233,0.2253564979139424
tabular,PimaDiabetes,IndepMarginals,HistGBM,0.3,0,0.2503468007629617,0.7496531992370383,0.1025757158229127,3.81148825721834,3.748707456500085,0.6447586510766498,0.012495151424509632,0.2253564979139424
tabular,PimaDiabetes,IndepMarginals,HistGBM,0.5,0,0.2597018654230514,0.7402981345769486,0.1375719672201932,3.806113028870128,3.748707456500085,0.7784468967905815,0.023474251609143792,0.2253564979139424
tabular,PimaDiabetes,IndepMarginals,HistGBM,0.7,0,0.2941426146010186,0.7058573853989814,0.127837207962138,3.807372095740559,3.748707456500085,0.6676690651776478,0.038747674346516346,0.2253564979139424
tabular,PimaDiabetes,IndepMarginals,HistGBM,0.0,1,0.3137521222410866,0.6862478777589134,0.1329865469068598,3.8042436251573126,3.8042436251573126,0.0,7.885930242146344e-10,0.3137521222410866
tabular,PimaDiabetes,IndepMarginals,HistGBM,0.1,1,0.2982441039765879,0.701755896023412,0.1227841095492948,3.80361955614215,3.8042436251573126,0.2721789686741923,4.921443590482077e-05,0.3137521222410866
tabular,PimaDiabetes,IndepMarginals,HistGBM,0.3,1,0.3043083900226757,0.6956916099773243,0.1337441991067568,3.802886163028428,3.8042436251573126,0.5809416621618,0.00025857974536611095,0.3137521222410866
tabular,PimaDiabetes,IndepMarginals,HistGBM,0.5,1,0.3204439049765909,0.6795560950234091,0.1473955672272778,3.788295265008163,3.8042436251573126,0.3455566216641303,0.007485372779450461,0.3137521222410866
tabular,PimaDiabetes,IndepMarginals,HistGBM,0.7,1,0.3099838969404187,0.6900161030595813,0.1593325534148167,3.8239646115860046,3.8042436251573126,0.5973689890118361,0.0052692013015913815,0.3137521222410866
tabular,PimaDiabetes,IndepMarginals,HistGBM,0.0,2,0.3000574945167267,0.6999425054832733,0.1148852189966998,3.7505695124794953,3.7505695124794953,0.0,7.998785300777911e-10,0.3000574945167267
tabular,PimaDiabetes,IndepMarginals,HistGBM,0.1,2,0.3104300329460725,0.6895699670539275,0.1111395704894266,3.778686296099381,3.7505695124794953,0.407493748508525,0.005186269214672912,0.3000574945167267
tabular,PimaDiabetes,IndepMarginals,HistGBM,0.3,2,0.2663548352006961,0.7336451647993039,0.1056836546060244,3.759842713950179,3.7505695124794953,0.3605474408565162,0.0,0.3000574945167267
tabular,PimaDiabetes,IndepMarginals,HistGBM,0.5,2,0.2883026338440351,0.7116973661559649,0.1537485707838444,3.803177149961851,3.7505695124794953,0.6551467027053834,0.007772670357428921,0.3000574945167267
tabular,PimaDiabetes,IndepMarginals,HistGBM,0.7,2,0.2813514976542765,0.7186485023457235,0.1269505725078745,3.8094278313227057,3.7505695124794953,0.6155163282954984,0.00241307070223494,0.3000574945167267
tabular,PimaDiabetes,IndepMarginals,LogReg,0.0,0,0.2643485915492958,0.7356514084507042,0.0659572060362194,3.748707456500085,3.748707456500085,0.0,8.002758455916137e-10,0.2643485915492958
tabular,PimaDiabetes,IndepMarginals,LogReg,0.1,0,0.2663548352006961,0.7336451647993039,0.0633729850952815,3.747055775573097,3.748707456500085,0.2818138919156994,0.0011353026593673154,0.2643485915492958
tabular,PimaDiabetes,IndepMarginals,LogReg,0.3,0,0.2807052429243719,0.7192947570756281,0.0682962372545113,3.81148825721834,3.748707456500085,0.6447586510766498,0.008646131931196418,0.2643485915492958
tabular,PimaDiabetes,IndepMarginals,LogReg,0.5,0,0.3035614851771833,0.6964385148228167,0.0579300187365858,3.806113028870128,3.748707456500085,0.7784468967905815,0.019606446813943745,0.2643485915492958
tabular,PimaDiabetes,IndepMarginals,LogReg,0.7,0,0.3060976979225154,0.6939023020774846,0.0878432417372563,3.807372095740559,3.748707456500085,0.6676690651776478,0.02525176032681718,0.2643485915492958
tabular,PimaDiabetes,IndepMarginals,LogReg,0.0,1,0.2807052429243719,0.7192947570756281,0.0600265565626838,3.8042436251573126,3.8042436251573126,0.0,7.885930242146344e-10,0.2807052429243719
tabular,PimaDiabetes,IndepMarginals,LogReg,0.1,1,0.2982670744138633,0.7017329255861366,0.0602434398488249,3.80361955614215,3.8042436251573126,0.2721789686741923,0.008873506837878752,0.2807052429243719
tabular,PimaDiabetes,IndepMarginals,LogReg,0.3,1,0.3409822866344605,0.6590177133655395,0.1093931773646697,3.802886163028428,3.8042436251573126,0.5809416621618,0.040118895320828206,0.2807052429243719
tabular,PimaDiabetes,IndepMarginals,LogReg,0.5,1,0.3138517050136979,0.686148294986302,0.0967958779684435,3.788295265008163,3.8042436251573126,0.3455566216641303,0.025184772673429664,0.2807052429243719
tabular,PimaDiabetes,IndepMarginals,LogReg,0.7,1,0.3312022564343636,0.6687977435656364,0.1186182364543552,3.8239646115860046,3.8042436251573126,0.5973689890118361,0.036966842733330126,0.2807052429243719
tabular,PimaDiabetes,IndepMarginals,LogReg,0.0,2,0.2692369220924653,0.7307630779075347,0.0652513844874683,3.7505695124794953,3.7505695124794953,0.0,7.998785300777911e-10,0.2692369220924653
tabular,PimaDiabetes,IndepMarginals,LogReg,0.1,2,0.295760877156226,0.704239122843774,0.0629390362010829,3.778686296099381,3.7505695124794953,0.407493748508525,0.013261977531880353,0.2692369220924653
tabular,PimaDiabetes,IndepMarginals,LogReg,0.3,2,0.29091270630344,0.70908729369656,0.0621526625735087,3.759842713950179,3.7505695124794953,0.3605474408565162,0.010837892105487357,0.2692369220924653
tabular,PimaDiabetes,IndepMarginals,LogReg,0.5,2,0.3203431660594664,0.6796568339405336,0.1037404617999299,3.803177149961851,3.7505695124794953,0.6551467027053834,0.03325093744599286,0.2692369220924653
tabular,PimaDiabetes,IndepMarginals,LogReg,0.7,2,0.2906350148367953,0.7093649851632047,0.1220769069170076,3.8094278313227057,3.7505695124794953,0.6155163282954984,0.02206415085807287,0.2692369220924653
tabular,PimaDiabetes,IndepMarginals,RandomForest,0.0,0,0.2508677413172633,0.7491322586827367,0.0599567099567099,3.748707456500085,3.748707456500085,0.0,8.002758455916137e-10,0.2508677413172633
tabular,PimaDiabetes,IndepMarginals,RandomForest,0.1,0,0.2549235993208828,0.7450764006791172,0.0566738816738817,3.747055775573097,3.748707456500085,0.2818138919156994,0.002160109835476931,0.2508677413172633
tabular,PimaDiabetes,IndepMarginals,RandomForest,0.3,0,0.2664596273291926,0.7335403726708074,0.0616522366522366,3.81148825721834,3.748707456500085,0.6447586510766498,0.008135048345069984,0.2508677413172633
tabular,PimaDiabetes,IndepMarginals,RandomForest,0.5,0,0.2843537414965986,0.7156462585034014,0.0457070707070706,3.806113028870128,3.748707456500085,0.7784468967905815,0.016743000089667642,0.2508677413172633
tabular,PimaDiabetes,IndepMarginals,RandomForest,0.7,0,0.2869565217391304,0.7130434782608696,0.0728354978354978,3.807372095740559,3.748707456500085,0.6676690651776478,0.02062014778669112,0.2508677413172633
tabular,PimaDiabetes,IndepMarginals,RandomForest,0.0,1,0.3190258017844225,0.6809741982155775,0.0557359307359307,3.8042436251573126,3.8042436251573126,0.0,7.885930242146344e-10,0.3190258017844225
tabular,PimaDiabetes,IndepMarginals,RandomForest,0.1,1,0.2932712653406686,0.7067287346593314,0.0584054834054833,3.80361955614215,3.8042436251573126,0.2721789686741923,0.0005831249698153407,0.3190258017844225
tabular,PimaDiabetes,IndepMarginals,RandomForest,0.3,1,0.2602903161662357,0.7397096838337642,0.0776695526695526,3.802886163028428,3.8042436251573126,0.5809416621618,0.004493773692111088,0.3190258017844225
tabular,PimaDiabetes,IndepMarginals,RandomForest,0.5,1,0.3087325857968059,0.691267414203194,0.0841269841269841,3.788295265008163,3.8042436251573126,0.3455566216641303,0.006935888025825386,0.3190258017844225
tabular,PimaDiabetes,IndepMarginals,RandomForest,0.7,1,0.3172707591312242,0.6827292408687757,0.1129509379509379,3.8239646115860046,3.8042436251573126,0.5973689890118361,0.01144300144300144,0.3190258017844225
tabular,PimaDiabetes,IndepMarginals,RandomForest,0.0,2,0.2823294808842764,0.7176705191157235,0.058044733044733,3.7505695124794953,3.7505695124794953,0.0,7.998785300777911e-10,0.2823294808842764
tabular,PimaDiabetes,IndepMarginals,RandomForest,0.1,2,0.2823294808842764,0.7176705191157235,0.0491702741702741,3.778686296099381,3.7505695124794953,0.407493748508525,0.0,0.2823294808842764
tabular,PimaDiabetes,IndepMarginals,RandomForest,0.3,2,0.2864570869139562,0.7135429130860438,0.0367604617604617,3.759842713950179,3.7505695124794953,0.3605474408565162,0.00206380301483991,0.2823294808842764
tabular,PimaDiabetes,IndepMarginals,RandomForest,0.5,2,0.3060976979225154,0.6939023020774846,0.0857864357864358,3.803177149961851,3.7505695124794953,0.6551467027053834,0.01743244906746006,0.2823294808842764
tabular,PimaDiabetes,IndepMarginals,RandomForest,0.7,2,0.3157781135333477,0.6842218864666523,0.109018759018759,3.8094278313227057,3.7505695124794953,0.6155163282954984,0.026919121519340866,0.2823294808842764
tabular,PimaDiabetes,NearDuplicate,HistGBM,0.0,0,0.2253564979139424,0.7746435020860576,0.1060641279472467,3.748707456500085,3.748707456500085,0.0,8.002758455916137e-10,0.2253564979139424
tabular,PimaDiabetes,NearDuplicate,HistGBM,0.1,0,0.263715050750358,0.7362849492496419,0.0899942106073349,3.744738470472392,3.748707456500085,0.2172467695330127,0.019496905579444952,0.2253564979139424
tabular,PimaDiabetes,NearDuplicate,HistGBM,0.3,0,0.2516339869281045,0.7483660130718954,0.1215339492913088,3.816023419964474,3.748707456500085,0.3847879546715845,0.01623270877589347,0.2253564979139424
tabular,PimaDiabetes,NearDuplicate,HistGBM,0.5,0,0.2516339869281045,0.7483660130718954,0.1327499182207447,3.7456479880208815,3.748707456500085,0.6402818188250387,0.018720745231410957,0.2253564979139424
tabular,PimaDiabetes,NearDuplicate,HistGBM,0.7,0,0.2823294808842764,0.7176705191157235,0.1597850341642945,3.743366723657956,3.748707456500085,0.769279462543811,0.03965807947262276,0.2253564979139424
tabular,PimaDiabetes,NearDuplicate,HistGBM,0.0,1,0.3137521222410866,0.6862478777589134,0.1329865469068598,3.8042436251573126,3.8042436251573126,0.0,7.885930242146344e-10,0.3137521222410866
tabular,PimaDiabetes,NearDuplicate,HistGBM,0.1,1,0.3295713464364047,0.6704286535635953,0.1420657528723347,3.794843393045167,3.8042436251573126,0.2718251162730121,0.01046674982801618,0.3137521222410866
tabular,PimaDiabetes,NearDuplicate,HistGBM,0.3,1,0.2961227277503415,0.7038772722496585,0.1483077892302921,3.771302054094732,3.8042436251573126,0.3559963297342017,0.005661998573918215,0.3137521222410866
tabular,PimaDiabetes,NearDuplicate,HistGBM,0.5,1,0.290219543876834,0.709780456123166,0.148764729405062,3.726415665565967,3.8042436251573126,0.6670268145505518,0.009293095904613108,0.3137521222410866
tabular,PimaDiabetes,NearDuplicate,HistGBM,0.7,1,0.268386785628165,0.731613214371835,0.1532079330763654,3.813061104087592,3.8042436251573126,0.4158952574345562,0.004044277233901122,0.3137521222410866
tabular,PimaDiabetes,NearDuplicate,HistGBM,0.0,2,0.3000574945167267,0.6999425054832733,0.1148852189966998,3.7505695124794953,3.7505695124794953,0.0,7.998785300777911e-10,0.3000574945167267
tabular,PimaDiabetes,NearDuplicate,HistGBM,0.1,2,0.3137521222410866,0.6862478777589134,0.1330464127690551,3.768436322788888,3.7505695124794953,0.347610064893848,0.01047955261665102,0.3000574945167267
tabular,PimaDiabetes,NearDuplicate,HistGBM,0.3,2,0.2563037093440661,0.7436962906559339,0.1246051493986798,3.775797304892871,3.7505695124794953,0.5456939097697391,0.0019439860803959986,0.3000574945167267
tabular,PimaDiabetes,NearDuplicate,HistGBM,0.5,2,0.2883026338440351,0.7116973661559649,0.1558656502751615,3.731128266232389,3.7505695124794953,0.9010647157203856,0.009751150583703018,0.3000574945167267
tabular,PimaDiabetes,NearDuplicate,HistGBM,0.7,2,0.3035614851771833,0.6964385148228167,0.141960680297087,3.748979077613044,3.7505695124794953,0.8041769760998754,0.007294303858948595,0.3000574945167267
tabular,PimaDiabetes,NearDuplicate,LogReg,0.0,0,0.2643485915492958,0.7356514084507042,0.0659572060362194,3.748707456500085,3.748707456500085,0.0,8.002758455916137e-10,0.2643485915492958
tabular,PimaDiabetes,NearDuplicate,LogReg,0.1,0,0.2724056603773584,0.7275943396226415,0.062849922953238,3.744738470472392,3.748707456500085,0.2172467695330127,0.004346163575268463,0.2643485915492958
tabular,PimaDiabetes,NearDuplicate,LogReg,0.3,0,0.2643990929705215,0.7356009070294784,0.0592627486285528,3.816023419964474,3.748707456500085,0.3847879546715845,2.525071061285078e-05,0.2643485915492958
tabular,PimaDiabetes,NearDuplicate,LogReg,0.5,0,0.2972049689440994,0.7027950310559006,0.0760711139200802,3.7456479880208815,3.748707456500085,0.6402818188250387,0.01869581294380428,0.2643485915492958
tabular,PimaDiabetes,NearDuplicate,LogReg,0.7,0,0.2584782234463763,0.7415217765536237,0.0798098879867071,3.743366723657956,3.748707456500085,0.769279462543811,0.0031979431341437495,0.2643485915492958
tabular,PimaDiabetes,NearDuplicate,LogReg,0.0,1,0.2807052429243719,0.7192947570756281,0.0600265565626838,3.8042436251573126,3.8042436251573126,0.0,7.885930242146344e-10,0.2807052429243719
tabular,PimaDiabetes,NearDuplicate,LogReg,0.1,1,0.2767080745341614,0.7232919254658385,0.0428779272621438,3.794843393045167,3.8042436251573126,0.2718251162730121,0.0007412965372621704,0.2807052429243719
tabular,PimaDiabetes,NearDuplicate,LogReg,0.3,1,0.2948503521126761,0.7051496478873239,0.0648246457195192,3.771302054094732,3.8042436251573126,0.3559963297342017,0.010629922534750931,0.2807052429243719
tabular,PimaDiabetes,NearDuplicate,LogReg,0.5,1,0.300416160915554,0.699583839084446,0.1004603082200118,3.726415665565967,3.8042436251573126,0.6670268145505518,0.02407966873202933,0.2807052429243719
tabular,PimaDiabetes,NearDuplicate,LogReg,0.7,1,0.3099838969404187,0.6900161030595813,0.1161506769322119,3.813061104087592,3.8042436251573126,0.4158952574345562,0.025864151081929042,0.2807052429243719
tabular,PimaDiabetes,NearDuplicate,LogReg,0.0,2,0.2692369220924653,0.7307630779075347,0.0652513844874683,3.7505695124794953,3.7505695124794953,0.0,7.998785300777911e-10,0.2692369220924653
tabular,PimaDiabetes,NearDuplicate,LogReg,0.1,2,0.2757575757575757,0.7242424242424242,0.0652780117382931,3.768436322788888,3.7505695124794953,0.347610064893848,0.0032656522827201606,0.2692369220924653
tabular,PimaDiabetes,NearDuplicate,LogReg,0.3,2,0.2783132530120482,0.7216867469879518,0.0661373288487336,3.775797304892871,3.7505695124794953,0.5456939097697391,0.004715354332044499,0.2692369220924653
tabular,PimaDiabetes,NearDuplicate,LogReg,0.5,2,0.2829810455041539,0.7170189544958461,0.0939580022801673,3.731128266232389,3.7505695124794953,0.9010647157203856,0.014168449592394793,0.2692369220924653
tabular,PimaDiabetes,NearDuplicate,LogReg,0.7,2,0.2742509951812277,0.7257490048187722,0.0859606525337044,3.748979077613044,3.7505695124794953,0.8041769760998754,0.0067761064222712775,0.2692369220924653
tabular,PimaDiabetes,NearDuplicate,RandomForest,0.0,0,0.2508677413172633,0.7491322586827367,0.0599567099567099,3.748707456500085,3.748707456500085,0.0,8.002758455916137e-10,0.2508677413172633
tabular,PimaDiabetes,NearDuplicate,RandomForest,0.1,0,0.2427042905847288,0.7572957094152711,0.0682900432900432,3.744738470472392,3.748707456500085,0.2172467695330127,0.001984295827903815,0.2508677413172633
tabular,PimaDiabetes,NearDuplicate,RandomForest,0.3,0,0.2684196935789292,0.7315803064210707,0.0435064935064934,3.816023419964474,3.748707456500085,0.3847879546715845,0.008775976130832946,0.2508677413172633
tabular,PimaDiabetes,NearDuplicate,RandomForest,0.5,0,0.254421768707483,0.745578231292517,0.0641414141414141,3.7456479880208815,3.748707456500085,0.6402818188250387,0.0028587972016809985,0.2508677413172633
tabular,PimaDiabetes,NearDuplicate,RandomForest,0.7,0,0.2864570869139562,0.7135429130860438,0.0704906204906204,3.743366723657956,3.748707456500085,0.769279462543811,0.020328861649174766,0.2508677413172633
tabular,PimaDiabetes,NearDuplicate,RandomForest,0.0,1,0.3190258017844225,0.6809741982155775,0.0557359307359307,3.8042436251573126,3.8042436251573126,0.0,7.885930242146344e-10,0.3190258017844225
tabular,PimaDiabetes,NearDuplicate,RandomForest,0.1,1,0.3166104644838463,0.6833895355161537,0.072077922077922,3.794843393045167,3.8042436251573126,0.2718251162730121,0.004009694805660431,0.3190258017844225
tabular,PimaDiabetes,NearDuplicate,RandomForest,0.3,1,0.300416160915554,0.699583839084446,0.0691558441558441,3.771302054094732,3.8042436251573126,0.3559963297342017,0.005281732793214434,0.3190258017844225
tabular,PimaDiabetes,NearDuplicate,RandomForest,0.5,1,0.3166104644838463,0.6833895355161537,0.0683261183261183,3.726415665565967,3.8042436251573126,0.6670268145505518,0.008655496923010188,0.3190258017844225
tabular,PimaDiabetes,NearDuplicate,RandomForest,0.7,1,0.3249694425866563,0.6750305574133437,0.099062049062049,3.813061104087592,3.8042436251573126,0.4158952574345562,0.011637044066340536,0.3190258017844225
tabular,PimaDiabetes,NearDuplicate,RandomForest,0.0,2,0.2823294808842764,0.7176705191157235,0.058044733044733,3.7505695124794953,3.7505695124794953,0.0,7.998785300777911e-10,0.2823294808842764
tabular,PimaDiabetes,NearDuplicate,RandomForest,0.1,2,0.2803815932369413,0.7196184067630587,0.0547258297258297,3.768436322788888,3.7505695124794953,0.347610064893848,0.0,0.2823294808842764
tabular,PimaDiabetes,NearDuplicate,RandomForest,0.3,2,0.2829810455041539,0.7170189544958461,0.0865440115440115,3.775797304892871,3.7505695124794953,0.5456939097697391,0.006025638009794467,0.2823294808842764
tabular,PimaDiabetes,NearDuplicate,RandomForest,0.5,2,0.2883026338440351,0.7116973661559649,0.0615079365079365,3.731128266232389,3.7505695124794953,0.9010647157203856,0.005234281500530728,0.2823294808842764
tabular,PimaDiabetes,NearDuplicate,RandomForest,0.7,2,0.2757575757575757,0.7242424242424242,0.0634920634920634,3.748979077613044,3.7505695124794953,0.8041769760998754,0.0012166823581089407,0.2823294808842764
tabular,Wine,GaussianCopula,HistGBM,0.0,0,0.0,1.0,0.0054336571145129,4.952715573056642,4.952715573056642,0.0,6.057283008509273e-10,0.0
tabular,Wine,GaussianCopula,HistGBM,0.1,0,0.0,1.0,0.0036268897422274,4.960745932501346,4.952715573056642,0.3246205006477325,0.0,0.0
tabular,Wine,GaussianCopula,HistGBM,0.3,0,0.0752377993757303,0.9247622006242696,0.0633489565535215,4.76134131909953,4.952715573056642,0.4312796787724009,0.06079404036939192,0.0
tabular,Wine,GaussianCopula,HistGBM,0.5,0,0.0982263051228568,0.9017736948771432,0.0600142130152435,4.9597193703600695,4.952715573056642,0.5061899522285456,0.060029263741574516,0.0
tabular,Wine,GaussianCopula,HistGBM,0.7,0,0.1482482482482482,0.8517517517517518,0.1174051032914825,4.891313290153636,4.952715573056642,0.5196868726234026,0.10023772402090941,0.0
tabular,Wine,GaussianCopula,HistGBM,0.0,1,0.0,1.0,0.0127359145459064,5.015281083446635,5.015281083446635,0.0,5.981718453895724e-10,0.0
tabular,Wine,GaussianCopula,HistGBM,0.1,1,0.0381124692937939,0.961887530706206,0.0374668590843991,5.095109512155682,5.015281083446635,0.2172977450107356,0.02400242355459549,0.0
tabular,Wine,GaussianCopula,HistGBM,0.3,1,0.1270559505853623,0.8729440494146377,0.1008997903738009,5.0739730688169775,5.015281083446635,0.4010843108015364,0.08116075045826004,0.0
tabular,Wine,GaussianCopula,HistGBM,0.5,1,0.0898996557533142,0.9101003442466856,0.0769911882751095,4.98662209794368,5.015281083446635,0.525277053219704,0.05951518307559113,0.0
tabular,Wine,GaussianCopula,HistGBM,0.7,1,0.2210526315789472,0.7789473684210527,0.175683279714941,4.923658087903852,5.015281083446635,0.5287529711130698,0.14859641915101063,0.0
tabular,Wine,GaussianCopula,HistGBM,0.0,2,0.0,1.0,0.008919658345861,4.984756180073166,4.984756180073166,0.0,6.018348486236391e-10,0.0
tabular,Wine,GaussianCopula,HistGBM,0.1,2,0.0202764976958524,0.9797235023041476,0.0261191254533883,5.088019067032246,4.984756180073166,0.1809760219629263,0.01357814226943166,0.0
tabular,Wine,GaussianCopula,HistGBM,0.3,2,0.0927279438907345,0.9072720561092654,0.0654181326627025,4.9422001111724265,4.984756180073166,0.5814586832079234,0.06022483995009122,0.0
tabular,Wine,GaussianCopula,HistGBM,0.5,2,0.2029267029267029,0.7970732970732971,0.129807123020254,4.902085516738303,4.984756180073166,0.4095403327046215,0.1306162536368702,0.0
tabular,Wine,GaussianCopula,HistGBM,0.7,2,0.1685185185185185,0.8314814814814815,0.1480665371476573,4.993246854445684,4.984756180073166,0.6090364478340416,0.11208863501961852,0.0
tabular,Wine,GaussianCopula,LogReg,0.0,0,0.0,1.0,0.0370373725215749,4.952715573056642,4.952715573056642,0.0,6.057283008509273e-10,0.0
tabular,Wine,GaussianCopula,LogReg,0.1,0,0.0,1.0,0.0539980063852898,4.960745932501346,4.952715573056642,0.3246205006477325,0.0033921267727429804,0.0
tabular,Wine,GaussianCopula,LogReg,0.3,0,0.0779220779220778,0.9220779220779222,0.0721977367683744,4.76134131909953,4.952715573056642,0.4312796787724009,0.05758519260412384,0.0
tabular,Wine,GaussianCopula,LogReg,0.5,0,0.0934107184107183,0.9065892815892816,0.0800576791672794,4.9597193703600695,4.952715573056642,0.5061899522285456,0.05530942053450005,0.0
tabular,Wine,GaussianCopula,LogReg,0.7,0,0.2236467236467235,0.7763532763532764,0.1194135390971032,4.891313290153636,4.952715573056642,0.5196868726234026,0.1320179057998588,0.0
tabular,Wine,GaussianCopula,LogReg,0.0,1,0.018882769472856,0.981117230527144,0.0606248708745608,5.015281083446635,5.015281083446635,0.0,5.981718453895724e-10,0.018882769472856
tabular,Wine,GaussianCopula,LogReg,0.1,1,0.018882769472856,0.981117230527144,0.1003453070979894,5.095109512155682,5.015281083446635,0.2172977450107356,0.00794408724468572,0.018882769472856
tabular,Wine,GaussianCopula,LogReg,0.3,1,0.1314972383937901,0.8685027616062099,0.1059405799515547,5.0739730688169775,5.015281083446635,0.4010843108015364,0.06537037627586584,0.018882769472856
tabular,Wine,GaussianCopula,LogReg,0.5,1,0.1302771302771302,0.8697228697228697,0.0655042048533371,4.98662209794368,5.015281083446635,0.525277053219704,0.05838734765098577,0.018882769472856
tabular,Wine,GaussianCopula,LogReg,0.7,1,0.1862410583340815,0.8137589416659184,0.0773536352018813,4.923658087903852,5.015281083446635,0.5287529711130698,0.09250552762380695,0.018882769472856
tabular,Wine,GaussianCopula,LogReg,0.0,2,0.018882769472856,0.981117230527144,0.0401544723106976,4.984756180073166,4.984756180073166,0.0,6.018348486236391e-10,0.018882769472856
tabular,Wine,GaussianCopula,LogReg,0.1,2,0.018882769472856,0.981117230527144,0.048359064846006,5.088019067032246,4.984756180073166,0.1809760219629263,0.0016409185070616799,0.018882769472856
tabular,Wine,GaussianCopula,LogReg,0.3,2,0.0734649122807017,0.9265350877192984,0.0316485426115704,4.9422001111724265,4.984756180073166,0.5814586832079234,0.02985224454527853,0.018882769472856
tabular,Wine,GaussianCopula,LogReg,0.5,2,0.11002886002886,0.88997113997114,0.0752427957722764,4.902085516738303,4.984756180073166,0.4095403327046215,0.057566119208957926,0.018882769472856
tabular,Wine,GaussianCopula,LogReg,0.7,2,0.2060185185185185,0.7939814814814815,0.1593712450795794,4.993246854445684,4.984756180073166,0.6090364478340416,0.1174112290766076,0.018882769472856
tabular,Wine,GaussianCopula,RandomForest,0.0,0,0.0,1.0,0.1222222222222221,4.952715573056642,4.952715573056642,0.0,6.057283008509273e-10,0.0
tabular,Wine,GaussianCopula,RandomForest,0.1,0,0.0,1.0,0.1424382716049382,4.960745932501346,4.952715573056642,0.3246205006477325,0.004043209876543219,0.0
tabular,Wine,GaussianCopula,RandomForest,0.3,0,0.036376277755588,0.963623722244412,0.1405864197530863,4.76134131909953,4.952715573056642,0.4312796787724009,0.03345305917769189,0.0
tabular,Wine,GaussianCopula,RandomForest,0.5,0,0.0389610389610389,0.961038961038961,0.199537037037037,4.9597193703600695,4.952715573056642,0.5061899522285456,0.03494348244348243,0.0
tabular,Wine,GaussianCopula,RandomForest,0.7,0,0.1853138853138852,0.8146861146861147,0.1229938271604938,4.891313290153636,4.952715573056642,0.5196868726234026,0.09653057430598834,0.0
tabular,Wine,GaussianCopula,RandomForest,0.0,1,0.0,1.0,0.1177469135802469,5.015281083446635,5.015281083446635,0.0,5.981718453895724e-10,0.0
tabular,Wine,GaussianCopula,RandomForest,0.1,1,0.0,1.0,0.136111111111111,5.095109512155682,5.015281083446635,0.2172977450107356,0.003672839506172818,0.0
tabular,Wine,GaussianCopula,RandomForest,0.3,1,0.0905612799443501,0.90943872005565,0.1087962962962962,5.0739730688169775,5.015281083446635,0.4010843108015364,0.04528063997217505,0.0
tabular,Wine,GaussianCopula,RandomForest,0.5,1,0.0736394931516882,0.9263605068483116,0.1800925925925926,4.98662209794368,5.015281083446635,0.525277053219704,0.05100318283140666,0.0
tabular,Wine,GaussianCopula,RandomForest,0.7,1,0.1262056706588571,0.8737943293411429,0.1378086419753085,4.923658087903852,5.015281083446635,0.5287529711130698,0.07259581133617098,0.0
tabular,Wine,GaussianCopula,RandomForest,0.0,2,0.0,1.0,0.11929012345679,4.984756180073166,4.984756180073166,0.0,6.018348486236391e-10,0.0
tabular,Wine,GaussianCopula,RandomForest,0.1,2,0.0202764976958524,0.9797235023041476,0.1464506172839505,5.088019067032246,4.984756180073166,0.1809760219629263,0.0155703476133583,0.0
tabular,Wine,GaussianCopula,RandomForest,0.3,2,0.05500184569952,0.94499815430048,0.1425925925925925,4.9422001111724265,4.984756180073166,0.5814586832079234,0.034722589818276174,0.0
tabular,Wine,GaussianCopula,RandomForest,0.5,2,0.1138538748832865,0.8861461251167134,0.1476851851851851,4.902085516738303,4.984756180073166,0.4095403327046215,0.06758135902596243,0.0
tabular,Wine,GaussianCopula,RandomForest,0.7,2,0.1147494728088153,0.8852505271911847,0.1606481481481481,4.993246854445684,4.984756180073166,0.6090364478340416,0.06564634134267927,0.0
tabular,Wine,IndepMarginals,HistGBM,0.0,0,0.0,1.0,0.0054336571145129,4.952715573056642,4.952715573056642,0.0,6.057283008509273e-10,0.0
tabular,Wine,IndepMarginals,HistGBM,0.1,0,0.0,1.0,0.0077567332223321,4.948437499103759,4.952715573056642,0.3124929356676096,0.0007237508743873789,0.0
tabular,Wine,IndepMarginals,HistGBM,0.3,0,0.0554833679833679,0.944516632016632,0.0348093872602231,4.822460964136036,4.952715573056642,0.4256090151968336,0.041506720934381146,0.0
tabular,Wine,IndepMarginals,HistGBM,0.5,0,0.1114287364287364,0.8885712635712636,0.0660513769867759,5.003597021456821,4.952715573056642,0.4612995736637127,0.06783791218882079,0.0
tabular,Wine,IndepMarginals,HistGBM,0.7,0,0.1666666666666666,0.8333333333333334,0.1331565404063127,5.006922523565165,4.952715573056642,0.6177547377941147,0.10887790999169326,0.0
tabular,Wine,IndepMarginals,HistGBM,0.0,1,0.0,1.0,0.0127359145459064,5.015281083446635,5.015281083446635,0.0,5.981718453895724e-10,0.0
tabular,Wine,IndepMarginals,HistGBM,0.1,1,0.0172757475083056,0.9827242524916944,0.0142864534375328,5.066265514144274,5.015281083446635,0.2280418959407309,0.00894798153247808,0.0
tabular,Wine,IndepMarginals,HistGBM,0.3,1,0.0710701484895034,0.9289298515104966,0.0715277219925721,5.048479314173567,5.015281083446635,0.3962414424199723,0.047293435734084836,0.0
tabular,Wine,IndepMarginals,HistGBM,0.5,1,0.1493560868560868,0.8506439131439132,0.1196532689806338,5.063476296039449,5.015281083446635,0.5669514268940061,0.09606151431498888,0.0
tabular,Wine,IndepMarginals,HistGBM,0.7,1,0.1648745519713261,0.8351254480286738,0.1533298735257639,4.939492018552434,5.015281083446635,0.5441403969164942,0.11508955694098996,0.0
tabular,Wine,IndepMarginals,HistGBM,0.0,2,0.0,1.0,0.008919658345861,4.984756180073166,4.984756180073166,0.0,6.018348486236391e-10,0.0
tabular,Wine,IndepMarginals,HistGBM,0.1,2,0.017139090309822,0.982860909690178,0.0287272197579506,5.100153899752049,4.984756180073166,0.2170319717727262,0.012531057437328921,0.0
tabular,Wine,IndepMarginals,HistGBM,0.3,2,0.0917609670616887,0.9082390329383112,0.0680165749740554,5.000052686659097,4.984756180073166,0.6047186564478573,0.05769986685648323,0.0
tabular,Wine,IndepMarginals,HistGBM,0.5,2,0.0782057023436334,0.9217942976563666,0.0731208398191589,4.993476348888291,4.984756180073166,0.5328312108050727,0.05194308746647628,0.0
tabular,Wine,IndepMarginals,HistGBM,0.7,2,0.2063492063492064,0.7936507936507936,0.1687112885484981,5.052139036520924,4.984756180073166,0.5667044129581832,0.13513292921513062,0.0
tabular,Wine,IndepMarginals,LogReg,0.0,0,0.0,1.0,0.0370373725215749,4.952715573056642,4.952715573056642,0.0,6.057283008509273e-10,0.0
tabular,Wine,IndepMarginals,LogReg,0.1,0,0.0,1.0,0.0533790637609046,4.948437499103759,4.952715573056642,0.3124929356676096,0.0035274739006894793,0.0
tabular,Wine,IndepMarginals,LogReg,0.3,0,0.0364283638477186,0.9635716361522814,0.0552775169361031,4.822460964136036,4.952715573056642,0.4256090151968336,0.029752101720320095,0.0
tabular,Wine,IndepMarginals,LogReg,0.5,0,0.0932697403285637,0.9067302596714364,0.1004353436461424,5.003597021456821,4.952715573056642,0.4612995736637127,0.05931446438919535,0.0
tabular,Wine,IndepMarginals,LogReg,0.7,0,0.1291720291720292,0.8708279708279708,0.1267435882231275,5.006922523565165,4.952715573056642,0.6177547377941147,0.08252725772632512,0.0
tabular,Wine,IndepMarginals,LogReg,0.0,1,0.018882769472856,0.981117230527144,0.0606248708745608,5.015281083446635,5.015281083446635,0.0,5.981718453895724e-10,0.018882769472856
tabular,Wine,IndepMarginals,LogReg,0.1,1,0.0361495135688684,0.9638504864311316,0.0452215621292695,5.066265514144274,5.015281083446635,0.2280418959407309,0.008633372048006198,0.018882769472856
tabular,Wine,IndepMarginals,LogReg,0.3,1,0.073160173160173,0.9268398268398268,0.0506814389570502,5.048479314173567,5.015281083446635,0.3962414424199723,0.0271387018436585,0.018882769472856
tabular,Wine,IndepMarginals,LogReg,0.5,1,0.0910087719298244,0.9089912280701756,0.0595473860907196,5.063476296039449,5.015281083446635,0.5669514268940061,0.0360630012284842,0.018882769472856
tabular,Wine,IndepMarginals,LogReg,0.7,1,0.129076479076479,0.870923520923521,0.0477356516341808,4.939492018552434,5.015281083446635,0.5441403969164942,0.05963034396116691,0.018882769472856
tabular,Wine,IndepMarginals,LogReg,0.0,2,0.018882769472856,0.981117230527144,0.0401544723106976,4.984756180073166,4.984756180073166,0.0,6.018348486236391e-10,0.018882769472856
tabular,Wine,IndepMarginals,LogReg,0.1,2,0.018882769472856,0.981117230527144,0.0460456792803643,5.100153899752049,4.984756180073166,0.2170319717727262,0.0011782413939333395,0.018882769472856
tabular,Wine,IndepMarginals,LogReg,0.3,2,0.0564935064935064,0.9435064935064936,0.0720571866051897,5.000052686659097,4.984756180073166,0.6047186564478573,0.025185911369223622,0.018882769472856
tabular,Wine,IndepMarginals,LogReg,0.5,2,0.0721872082166199,0.92781279178338,0.0737158685869028,4.993476348888291,4.984756180073166,0.5328312108050727,0.03336449862712299,0.018882769472856
tabular,Wine,IndepMarginals,LogReg,0.7,2,0.1114287364287364,0.8885712635712636,0.0841774536893026,5.052139036520924,4.984756180073166,0.5667044129581832,0.0550775797536612,0.018882769472856
tabular,Wine,IndepMarginals,RandomForest,0.0,0,0.0,1.0,0.1222222222222221,4.952715573056642,4.952715573056642,0.0,6.057283008509273e-10,0.0
tabular,Wine,IndepMarginals,RandomForest,0.1,0,0.0,1.0,0.1456790123456789,4.948437499103759,4.952715573056642,0.3124929356676096,0.0049504936775149,0.0
tabular,Wine,IndepMarginals,RandomForest,0.3,0,0.0342105263157894,0.9657894736842104,0.1518518518518518,4.822460964136036,4.952715573056642,0.4256090151968336,0.03092107999737579,0.0
tabular,Wine,IndepMarginals,RandomForest,0.5,0,0.092981092981093,0.907018907018907,0.1983024691358024,5.003597021456821,4.952715573056642,0.4612995736637127,0.06170659587326256,0.0
tabular,Wine,IndepMarginals,RandomForest,0.7,0,0.1494668042655659,0.8505331957344341,0.1189814814814814,5.006922523565165,4.952715573056642,0.6177547377941147,0.07473340213278296,0.0
tabular,Wine,IndepMarginals,RandomForest,0.0,1,0.0,1.0,0.1177469135802469,5.015281083446635,5.015281083446635,0.0,5.981718453895724e-10,0.0
tabular,Wine,IndepMarginals,RandomForest,0.1,1,0.0172757475083056,0.9827242524916944,0.1273148148148148,5.066265514144274,5.015281083446635,0.2280418959407309,0.01055145400106638,0.0
tabular,Wine,IndepMarginals,RandomForest,0.3,1,0.0514172709294659,0.948582729070534,0.1628086419753086,5.048479314173567,5.015281083446635,0.3962414424199723,0.03472098114374529,0.0
tabular,Wine,IndepMarginals,RandomForest,0.5,1,0.0343915343915344,0.9656084656084656,0.1439814814814815,5.063476296039449,5.015281083446635,0.5669514268940061,0.022442680776014117,0.0
tabular,Wine,IndepMarginals,RandomForest,0.7,1,0.1493614826948159,0.850638517305184,0.0862654320987654,4.939492018552434,5.015281083446635,0.5441403969164942,0.07921423050676335,0.0
tabular,Wine,IndepMarginals,RandomForest,0.0,2,0.0,1.0,0.11929012345679,4.984756180073166,4.984756180073166,0.0,6.018348486236391e-10,0.0
tabular,Wine,IndepMarginals,RandomForest,0.1,2,0.0202764976958524,0.9797235023041476,0.1271604938271604,5.100153899752049,4.984756180073166,0.2170319717727262,0.01171232292200028,0.0
tabular,Wine,IndepMarginals,RandomForest,0.3,2,0.0172757475083056,0.9827242524916944,0.1859567901234568,5.000052686659097,4.984756180073166,0.6047186564478573,0.021971207087486164,0.0
tabular,Wine,IndepMarginals,RandomForest,0.5,2,0.0407407407407407,0.9592592592592591,0.1944444444444443,4.993476348888291,4.984756180073166,0.5328312108050727,0.035401234567901216,0.0
tabular,Wine,IndepMarginals,RandomForest,0.7,2,0.1114287364287364,0.8885712635712636,0.1891975308641975,5.052139036520924,4.984756180073166,0.5667044129581832,0.06969584969584969,0.0
tabular,Wine,NearDuplicate,HistGBM,0.0,0,0.0,1.0,0.0054336571145129,4.952715573056642,4.952715573056642,0.0,6.057283008509273e-10,0.0
tabular,Wine,NearDuplicate,HistGBM,0.1,0,0.0,1.0,0.0120969234553566,4.973391856986013,4.952715573056642,0.350353204488852,0.0013326532681687403,0.0
tabular,Wine,NearDuplicate,HistGBM,0.3,0,0.0559440559440559,0.944055944055944,0.0562441217817042,4.675187784944323,4.952715573056642,0.4346715260390139,0.054944765093984584,0.0
tabular,Wine,NearDuplicate,HistGBM,0.5,0,0.2520474105839959,0.7479525894160041,0.2020141852960164,4.906825421288762,4.952715573056642,0.4368726403159147,0.1681195079045315,0.0
tabular,Wine,NearDuplicate,HistGBM,0.7,0,0.1530915792375893,0.8469084207624107,0.1223077327568845,4.907058143767654,4.952715573056642,0.5129896366139084,0.1026862050643061,0.0
tabular,Wine,NearDuplicate,HistGBM,0.0,1,0.0,1.0,0.0127359145459064,5.015281083446635,5.015281083446635,0.0,5.981718453895724e-10,0.0
tabular,Wine,NearDuplicate,HistGBM,0.1,1,0.017139090309822,0.982860909690178,0.0144972997463828,5.098666577010527,5.015281083446635,0.215099506413863,0.00892182219500628,0.0
tabular,Wine,NearDuplicate,HistGBM,0.3,1,0.0726310726310727,0.9273689273689272,0.0872962345747924,5.043489494382518,5.015281083446635,0.3831952302038865,0.05122760032131355,0.0
tabular,Wine,NearDuplicate,HistGBM,0.5,1,0.1479903548869066,0.8520096451130934,0.1210159240275391,4.8434742067856,5.015281083446635,0.6692408969319442,0.10592818376644289,0.0
tabular,Wine,NearDuplicate,HistGBM,0.7,1,0.2886773817006375,0.7113226182993625,0.2137445526250646,4.913575702849447,5.015281083446635,0.5083533498193937,0.1906241486919647,0.0
tabular,Wine,NearDuplicate,HistGBM,0.0,2,0.0,1.0,0.008919658345861,4.984756180073166,4.984756180073166,0.0,6.018348486236391e-10,0.0
tabular,Wine,NearDuplicate,HistGBM,0.1,2,0.0343915343915344,0.9656084656084656,0.0263026315392543,5.082029779921157,4.984756180073166,0.1978599366505528,0.02067236183444586,0.0
tabular,Wine,NearDuplicate,HistGBM,0.3,2,0.0172757475083056,0.9827242524916944,0.0212455748354798,4.920643799456627,4.984756180073166,0.5701054949026262,0.014961564158856322,0.0
tabular,Wine,NearDuplicate,HistGBM,0.5,2,0.1995775679986207,0.8004224320013793,0.1594191775102509,4.779988358270726,4.984756180073166,0.4629314496099275,0.1422123295908498,0.0
tabular,Wine,NearDuplicate,HistGBM,0.7,2,0.2043615043615044,0.7956384956384955,0.1827259556858773,4.880235804994991,4.984756180073166,0.6174504966837179,0.14323241268901019,0.0
tabular,Wine,NearDuplicate,LogReg,0.0,0,0.0,1.0,0.0370373725215749,4.952715573056642,4.952715573056642,0.0,6.057283008509273e-10,0.0
tabular,Wine,NearDuplicate,LogReg,0.1,0,0.0,1.0,0.0671085359402435,4.973391856986013,4.952715573056642,0.350353204488852,0.006014232683733721,0.0
tabular,Wine,NearDuplicate,LogReg,0.3,0,0.075,0.925,0.0766932962698814,4.675187784944323,4.952715573056642,0.4346715260390139,0.06224182893817967,0.0
tabular,Wine,NearDuplicate,LogReg,0.5,0,0.1347233360064154,0.8652766639935846,0.0523308380824785,4.906825421288762,4.952715573056642,0.4368726403159147,0.0732000580916213,0.0
tabular,Wine,NearDuplicate,LogReg,0.7,0,0.0556214751336702,0.9443785248663298,0.1033877744070814,4.907058143767654,4.952715573056642,0.5129896366139084,0.043846418260973546,0.0
tabular,Wine,NearDuplicate,LogReg,0.0,1,0.018882769472856,0.981117230527144,0.0606248708745608,5.015281083446635,5.015281083446635,0.0,5.981718453895724e-10,0.018882769472856
tabular,Wine,NearDuplicate,LogReg,0.1,1,0.0,1.0,0.0722509543469674,5.098666577010527,5.015281083446635,0.215099506413863,0.0023252166944813207,0.018882769472856
tabular,Wine,NearDuplicate,LogReg,0.3,1,0.0384872241579558,0.9615127758420442,0.0998022471501055,5.043489494382518,5.015281083446635,0.3831952302038865,0.017637702597658837,0.018882769472856
tabular,Wine,NearDuplicate,LogReg,0.5,1,0.0905954030954031,0.9094045969045969,0.0682756358851221,4.8434742067856,5.015281083446635,0.6692408969319442,0.04766347424004886,0.018882769472856
tabular,Wine,NearDuplicate,LogReg,0.7,1,0.1479819976771196,0.8520180023228804,0.0730302813222084,4.913575702849447,5.015281083446635,0.5083533498193937,0.07311442641747565,0.018882769472856
tabular,Wine,NearDuplicate,LogReg,0.0,2,0.018882769472856,0.981117230527144,0.0401544723106976,4.984756180073166,4.984756180073166,0.0,6.018348486236391e-10,0.018882769472856
tabular,Wine,NearDuplicate,LogReg,0.1,2,0.017139090309822,0.982860909690178,0.0496241784881099,5.082029779921157,4.984756180073166,0.1978599366505528,0.001893941235482459,0.018882769472856
tabular,Wine,NearDuplicate,LogReg,0.3,2,0.0932400932400931,0.9067599067599068,0.0517683532177446,4.920643799456627,4.984756180073166,0.5701054949026262,0.04335994517180771,0.018882769472856
tabular,Wine,NearDuplicate,LogReg,0.5,2,0.0928679163973281,0.9071320836026718,0.139631471893069,4.779988358270726,4.984756180073166,0.4629314496099275,0.0692116151373718,0.018882769472856
tabular,Wine,NearDuplicate,LogReg,0.7,2,0.2075520496573127,0.7924479503426872,0.0732100134963216,4.880235804994991,4.984756180073166,0.6174504966837179,0.10723614936960786,0.018882769472856
tabular,Wine,NearDuplicate,RandomForest,0.0,0,0.0,1.0,0.1222222222222221,4.952715573056642,4.952715573056642,0.0,6.057283008509273e-10,0.0
tabular,Wine,NearDuplicate,RandomForest,0.1,0,0.0,1.0,0.1328703703703702,4.973391856986013,4.952715573056642,0.350353204488852,0.00212962962962962,0.0
tabular,Wine,NearDuplicate,RandomForest,0.3,0,0.0,1.0,0.1765432098765432,4.675187784944323,4.952715573056642,0.4346715260390139,0.027674841719382597,0.0
tabular,Wine,NearDuplicate,RandomForest,0.5,0,0.0921103828080571,0.9078896171919428,0.1756172839506173,4.906825421288762,4.952715573056642,0.4368726403159147,0.059513900725940476,0.0
tabular,Wine,NearDuplicate,RandomForest,0.7,0,0.0554833679833679,0.944516632016632,0.2,4.907058143767654,4.952715573056642,0.5129896366139084,0.04606283986427668,0.0
tabular,Wine,NearDuplicate,RandomForest,0.0,1,0.0,1.0,0.1177469135802469,5.015281083446635,5.015281083446635,0.0,5.981718453895724e-10,0.0
tabular,Wine,NearDuplicate,RandomForest,0.1,1,0.0,1.0,0.1135802469135801,5.098666577010527,5.015281083446635,0.215099506413863,0.0,0.0
tabular,Wine,NearDuplicate,RandomForest,0.3,1,0.0,1.0,0.1662037037037037,5.043489494382518,5.015281083446635,0.3831952302038865,0.009691358024691357,0.0
tabular,Wine,NearDuplicate,RandomForest,0.5,1,0.0343915343915344,0.9656084656084656,0.1638888888888888,4.8434742067856,5.015281083446635,0.6692408969319442,0.036701166684158626,0.0
tabular,Wine,NearDuplicate,RandomForest,0.7,1,0.1912749142451305,0.8087250857548695,0.120216049382716,4.913575702849447,5.015281083446635,0.5083533498193937,0.1022150145088734,0.0
tabular,Wine,NearDuplicate,RandomForest,0.0,2,0.0,1.0,0.11929012345679,4.984756180073166,4.984756180073166,0.0,6.018348486236391e-10,0.0
tabular,Wine,NearDuplicate,RandomForest,0.1,2,0.0,1.0,0.1262345679012345,5.082029779921157,4.984756180073166,0.1978599366505528,0.0013888888888888978,0.0
tabular,Wine,NearDuplicate,RandomForest,0.3,2,0.0,1.0,0.1797839506172839,4.920643799456627,4.984756180073166,0.5701054949026262,0.01595727253887854,0.0
tabular,Wine,NearDuplicate,RandomForest,0.5,2,0.0384872241579558,0.9615127758420442,0.1850308641975308,4.779988358270726,4.984756180073166,0.4629314496099275,0.04471540198578754,0.0
tabular,Wine,NearDuplicate,RandomForest,0.7,2,0.0798838705815448,0.9201161294184552,0.2012345679012346,4.880235804994991,4.984756180073166,0.6174504966837179,0.06262122521991603,0.0
timeseries,daily-min-temperatures.csv,NearDuplicate,RidgeLags,0.0,0,0.1543042179108383,,0.0,4.8739212631766105,4.8739212631766105,0.0,6.155208009950286e-10,0.1543042179108383
timeseries,daily-min-temperatures.csv,NearDuplicate,RidgeLags,0.1,0,0.1545058127660241,,0.0,4.9244287288517885,4.8739212631766105,0.0697703129646334,0.00010079742759290522,0.1543042179108383
timeseries,daily-min-temperatures.csv,NearDuplicate,RidgeLags,0.3,0,0.154218449532403,,0.0,4.921927348616511,4.8739212631766105,0.0962158756510517,0.0,0.1543042179108383
timeseries,daily-min-temperatures.csv,NearDuplicate,RidgeLags,0.5,0,0.1550087480003998,,0.0,4.92757355615909,4.8739212631766105,0.1093506590632512,0.00035226504478075293,0.1543042179108383
timeseries,daily-min-temperatures.csv,NearDuplicate,RidgeLags,0.7,0,0.1557440616217714,,0.0,4.899218809353855,4.8739212631766105,0.157178376314596,0.0007199218554665571,0.1543042179108383
timeseries,daily-min-temperatures.csv,NearDuplicate,RidgeLags,0.0,1,0.1543042179108383,,0.0,4.8739212631766105,4.8739212631766105,0.0,6.155208009950286e-10,0.1543042179108383
timeseries,daily-min-temperatures.csv,NearDuplicate,RidgeLags,0.1,1,0.1544079002289676,,0.0,4.844274265141336,4.8739212631766105,0.0591541208062892,0.001876676217343212,0.1543042179108383
timeseries,daily-min-temperatures.csv,NearDuplicate,RidgeLags,0.3,1,0.1545988022373063,,0.0,4.977551368062308,4.8739212631766105,0.0812488433850199,0.00014729216323400296,0.1543042179108383
timeseries,daily-min-temperatures.csv,NearDuplicate,RidgeLags,0.5,1,0.1552816401411385,,0.0,4.926718925571487,4.8739212631766105,0.1670772237960471,0.0004887111151501006,0.1543042179108383
timeseries,daily-min-temperatures.csv,NearDuplicate,RidgeLags,0.7,1,0.1554688074990051,,0.0,4.916379761925882,4.8739212631766105,0.1992277801433753,0.0005822947940834072,0.1543042179108383
timeseries,daily-min-temperatures.csv,NearDuplicate,RidgeLags,0.0,2,0.1543042179108383,,0.0,4.8739212631766105,4.8739212631766105,0.0,6.155208009950286e-10,0.1543042179108383
timeseries,daily-min-temperatures.csv,NearDuplicate,RidgeLags,0.1,2,0.1543986668047982,,0.0,4.955486559080396,4.8739212631766105,0.0566059035162392,4.722444697995154e-05,0.1543042179108383
timeseries,daily-min-temperatures.csv,NearDuplicate,RidgeLags,0.3,2,0.1552436487295765,,0.0,4.898849746148432,4.8739212631766105,0.0942468560716194,0.0004697154093691036,0.1543042179108383
timeseries,daily-min-temperatures.csv,NearDuplicate,RidgeLags,0.5,2,0.154894440796579,,0.0,4.884735237665089,4.8739212631766105,0.2152935673223645,0.0002951114428703522,0.1543042179108383
timeseries,daily-min-temperatures.csv,NearDuplicate,RidgeLags,0.7,2,0.1557817638347302,,0.0,4.944526455757402,4.8739212631766105,0.1596172471112413,0.0007387729619459521,0.1543042179108383
timeseries,daily-min-temperatures.csv,SeasonalBootstrap,RidgeLags,0.0,0,0.1543042179108383,,0.0,4.8739212631766105,4.8739212631766105,0.0,6.155208009950286e-10,0.1543042179108383
timeseries,daily-min-temperatures.csv,SeasonalBootstrap,RidgeLags,0.1,0,0.1823823649887102,,0.0,4.544397687522867,4.8739212631766105,10.891629413033526,0.034321936177727025,0.1543042179108383
timeseries,daily-min-temperatures.csv,SeasonalBootstrap,RidgeLags,0.3,0,0.1939430971630538,,0.0,4.4062595446750485,4.8739212631766105,11.813035580067492,0.04860499250784894,0.1543042179108383
timeseries,daily-min-temperatures.csv,SeasonalBootstrap,RidgeLags,0.5,0,0.1975249078004473,,0.0,4.699721933433763,4.8739212631766105,15.489291465980608,0.03233267692223371,0.1543042179108383
timeseries,daily-min-temperatures.csv,SeasonalBootstrap,RidgeLags,0.7,0,0.2128225117596036,,0.0,4.878649660126392,4.8739212631766105,21.567367864023627,0.029259146924382654,0.1543042179108383
timeseries,daily-min-temperatures.csv,SeasonalBootstrap,RidgeLags,0.0,1,0.1543042179108383,,0.0,4.8739212631766105,4.8739212631766105,0.0,6.155208009950286e-10,0.1543042179108383
timeseries,daily-min-temperatures.csv,SeasonalBootstrap,RidgeLags,0.1,1,0.1776509988704459,,0.0,4.420062789271021,4.8739212631766105,6.935869438089418,0.03960932492359823,0.1543042179108383
timeseries,daily-min-temperatures.csv,SeasonalBootstrap,RidgeLags,0.3,1,0.192394021121,,0.0,4.473273891564729,4.8739212631766105,10.759175559439052,0.04370558193757767,0.1543042179108383
timeseries,daily-min-temperatures.csv,SeasonalBootstrap,RidgeLags,0.5,1,0.2019854763349556,,0.0,4.72296448889375,4.8739212631766105,20.31744086281317,0.03313233351883384,0.1543042179108383
timeseries,daily-min-temperatures.csv,SeasonalBootstrap,RidgeLags,0.7,1,0.2113348391214521,,0.0,4.965648037173608,4.8739212631766105,22.35163578635176,0.028515310605306904,0.1543042179108383
timeseries,daily-min-temperatures.csv,SeasonalBootstrap,RidgeLags,0.0,2,0.1543042179108383,,0.0,4.8739212631766105,4.8739212631766105,0.0,6.155208009950286e-10,0.1543042179108383
timeseries,daily-min-temperatures.csv,SeasonalBootstrap,RidgeLags,0.1,2,0.1798902127699794,,0.0,4.45779838217193,4.8739212631766105,8.553422027891191,0.038406227579273186,0.1543042179108383
timeseries,daily-min-temperatures.csv,SeasonalBootstrap,RidgeLags,0.3,2,0.1914140178060058,,0.0,4.519577697970693,4.8739212631766105,8.798625092417321,0.04036548460901626,0.1543042179108383
timeseries,daily-min-temperatures.csv,SeasonalBootstrap,RidgeLags,0.5,2,0.1997501202517898,,0.0,4.677691473868979,4.8739212631766105,18.28324593927457,0.03480130379309028,0.1543042179108383
timeseries,daily-min-temperatures.csv,SeasonalBootstrap,RidgeLags,0.7,2,0.2121528504238046,,0.0,4.858486497660998,4.8739212631766105,32.449085286326465,0.029874358818755796,0.1543042179108383
timeseries,daily-min-temperatures.csv,WindowCopula,RidgeLags,0.0,0,0.1543042179108383,,0.0,4.8739212631766105,4.8739212631766105,0.0,6.155208009950286e-10,0.1543042179108383
timeseries,daily-min-temperatures.csv,WindowCopula,RidgeLags,0.1,0,0.1545600981975949,,0.0,4.8972393574561135,4.8739212631766105,0.0583605411685128,0.00012794014337830228,0.1543042179108383
timeseries,daily-min-temperatures.csv,WindowCopula,RidgeLags,0.3,0,0.1546521464294493,,0.0,4.925611251179564,4.8739212631766105,0.1041817624289047,0.0001739642593055063,0.1543042179108383
timeseries,daily-min-temperatures.csv,WindowCopula,RidgeLags,0.5,0,0.1555824804505508,,0.0,4.939183101913607,4.8739212631766105,0.1437132077786458,0.0006391312698562496,0.1543042179108383
timeseries,daily-min-temperatures.csv,WindowCopula,RidgeLags,0.7,0,0.1570254159936865,,0.0,4.968176507193781,4.8739212631766105,0.1800696403246279,0.0013605990414241043,0.1543042179108383
timeseries,daily-min-temperatures.csv,WindowCopula,RidgeLags,0.0,1,0.1543042179108383,,0.0,4.8739212631766105,4.8739212631766105,0.0,6.155208009950286e-10,0.1543042179108383
timeseries,daily-min-temperatures.csv,WindowCopula,RidgeLags,0.1,1,0.154398927439094,,0.0,4.874471976930721,4.8739212631766105,0.0626772404109261,4.735476412785766e-05,0.1543042179108383
timeseries,daily-min-temperatures.csv,WindowCopula,RidgeLags,0.3,1,0.1547247193265657,,0.0,4.949188852489546,4.8739212631766105,0.1113905981927512,0.00021025070786370725,0.1543042179108383
timeseries,daily-min-temperatures.csv,WindowCopula,RidgeLags,0.5,1,0.1556634751853516,,0.0,4.865771740924335,4.8739212631766105,0.1743782388177072,0.001181249311586735,0.1543042179108383
timeseries,daily-min-temperatures.csv,WindowCopula,RidgeLags,0.7,1,0.1566658287441899,,0.0,4.890957134107651,4.8739212631766105,0.1804886362726154,0.001180805416675812,0.1543042179108383
timeseries,daily-min-temperatures.csv,WindowCopula,RidgeLags,0.0,2,0.1543042179108383,,0.0,4.8739212631766105,4.8739212631766105,0.0,6.155208009950286e-10,0.1543042179108383
timeseries,daily-min-temperatures.csv,WindowCopula,RidgeLags,0.1,2,0.1543463864399118,,0.0,4.931025724181231,4.8739212631766105,0.0495983392602424,2.1084264536758157e-05,0.1543042179108383
timeseries,daily-min-temperatures.csv,WindowCopula,RidgeLags,0.3,2,0.1550735725952583,,0.0,4.904807683629688,4.8739212631766105,0.1327629702224725,0.00038467734221001026,0.1543042179108383
timeseries,daily-min-temperatures.csv,WindowCopula,RidgeLags,0.5,2,0.1554282278194503,,0.0,4.9497363633618185,4.8739212631766105,0.2263393533119385,0.0005620049543060002,0.1543042179108383
timeseries,daily-min-temperatures.csv,WindowCopula,RidgeLags,0.7,2,0.1569376174679066,,0.0,4.912355002908184,4.8739212631766105,0.2004005751759889,0.0013166997785341583,0.1543042179108383
